date,open,high,low,close,volume,vwap
2013-09-01 18:00:00,1640.25,1642.0,1639.0,1641.75,19792,1640.6266041835086
2013-09-01 19:00:00,1641.5,1641.75,1640.0,1640.5,3695,1640.8561569688768
2013-09-01 20:00:00,1640.25,1643.5,1639.75,1642.5,10705,1641.928538066324
2013-09-01 21:00:00,1642.5,1642.75,1641.75,1642.75,5479,1642.2753695929914
2013-09-01 22:00:00,1642.5,1642.75,1640.25,1641.0,4389,1641.3804966962862
2013-09-01 23:00:00,1640.75,1643.25,1640.75,1642.75,3010,1642.288953488372
2013-09-02 00:00:00,1642.75,1644.0,1642.75,1643.0,2138,1643.1938727782974
2013-09-02 01:00:00,1643.0,1643.5,1642.0,1642.75,3482,1642.639718552556
2013-09-02 02:00:00,1642.75,1644.5,1642.25,1642.5,8108,1643.482671435619
2013-09-02 03:00:00,1642.25,1646.0,1642.25,1644.5,25471,1644.4330218680068
2013-09-02 04:00:00,1644.5,1647.25,1644.25,1646.75,15848,1646.006262619889
2013-09-02 05:00:00,1646.75,1646.75,1645.25,1646.25,10310,1645.7995150339477
2013-09-02 06:00:00,1646.0,1647.0,1645.75,1646.75,8185,1646.5305742211362
2013-09-02 07:00:00,1646.75,1648.5,1646.0,1647.25,18707,1647.3180093013311
2013-09-02 08:00:00,1647.25,1648.25,1646.75,1647.0,11664,1647.5619427297668
2013-09-02 09:00:00,1647.25,1647.25,1645.25,1645.75,13622,1646.243337982675
2013-09-02 10:00:00,1646.0,1648.25,1645.5,1647.75,13341,1646.9992316917771
2013-09-02 11:00:00,1648.0,1648.25,1646.5,1647.5,10663,1647.550431398293
2013-09-02 12:00:00,,,,,0,
2013-09-02 13:00:00,,,,,0,
2013-09-02 14:00:00,,,,,0,
2013-09-02 15:00:00,,,,,0,
2013-09-02 16:00:00,,,,,0,
2013-09-02 17:00:00,,,,,0,
2013-09-02 18:00:00,1647.5,1648.5,1645.25,1645.5,5768,1647.092709778086
2013-09-02 19:00:00,1645.5,1646.5,1645.25,1645.5,1839,1645.7509516041328
2013-09-02 20:00:00,1645.25,1647.25,1645.25,1647.25,6310,1646.5972266244057
2013-09-02 21:00:00,1647.25,1647.25,1646.0,1646.75,2564,1646.740542121685
2013-09-02 22:00:00,1646.75,1647.5,1646.25,1646.5,3888,1646.9030992798355
2013-09-02 23:00:00,1646.75,1648.25,1646.5,1648.0,5272,1647.800976858877
2013-09-03 00:00:00,1647.75,1648.0,1646.25,1646.75,6336,1647.4249131944443
2013-09-03 01:00:00,1646.75,1648.5,1646.75,1648.25,2462,1647.972481722177
2013-09-03 02:00:00,1648.25,1649.0,1648.0,1648.5,8278,1648.4544575984537
2013-09-03 03:00:00,1648.25,1648.5,1646.25,1648.5,26748,1647.4692313443995
2013-09-03 04:00:00,1648.25,1648.5,1642.5,1643.25,45009,1645.035487346975
2013-09-03 05:00:00,1643.25,1646.75,1642.25,1643.0,47486,1644.070110137725
2013-09-03 06:00:00,1643.0,1647.0,1643.0,1646.0,16022,1645.7290912495318
2013-09-03 07:00:00,1646.0,1647.0,1642.5,1644.75,25524,1644.5627742516847
2013-09-03 08:00:00,1644.75,1646.75,1643.5,1646.0,32902,1645.301668591575
2013-09-03 09:00:00,1646.0,1650.0,1645.5,1646.5,256769,1647.9154492948915
2013-09-03 10:00:00,1646.75,1648.75,1643.75,1644.75,283344,1646.071462603761
2013-09-03 11:00:00,1644.75,1646.75,1636.25,1638.25,330767,1640.484445999752
2013-09-03 12:00:00,1638.25,1639.5,1633.25,1634.0,200792,1636.6928313877047
2013-09-03 13:00:00,1634.0,1635.5,1631.5,1632.5,179098,1633.5309272018671
2013-09-03 14:00:00,1632.5,1635.5,1630.75,1635.0,201063,1633.3791920940203
2013-09-03 15:00:00,1635.0,1639.5,1634.25,1637.75,317914,1637.139837345949
2013-09-03 16:00:00,1637.75,1640.0,1637.0,1638.5,97812,1638.0739249785302
2013-09-03 17:00:00,1638.75,1639.0,1637.5,1637.75,2012,1638.4137673956263
2013-09-03 18:00:00,1638.0,1638.0,1636.0,1637.75,6373,1637.0538992625138
2013-09-03 19:00:00,1637.75,1638.25,1636.75,1637.5,1766,1637.4813137032843
2013-09-03 20:00:00,1637.5,1638.0,1637.0,1637.25,1883,1637.5234997344662
2013-09-03 21:00:00,1637.5,1638.75,1637.0,1638.75,5838,1638.3419835560123
2013-09-03 22:00:00,1638.5,1638.75,1638.0,1638.5,2695,1638.4014842300558
2013-09-03 23:00:00,1638.5,1639.75,1638.25,1639.75,2966,1639.022420768712
2013-09-04 00:00:00,1639.75,1641.75,1639.5,1641.75,5117,1640.8038401407075
2013-09-04 01:00:00,1641.5,1642.25,1641.5,1641.75,4828,1641.8320215410108
2013-09-04 02:00:00,1642.0,1642.0,1640.5,1641.0,5950,1641.1200420168068
2013-09-04 03:00:00,1641.25,1641.75,1636.5,1637.25,25755,1638.1689380702776
2013-09-04 04:00:00,1637.5,1639.25,1636.0,1637.75,17668,1637.530648630292
2013-09-04 05:00:00,1637.75,1639.25,1636.25,1636.75,19617,1637.7520645358618
2013-09-04 06:00:00,1636.5,1639.0,1636.25,1638.75,15027,1637.9119085645837
2013-09-04 07:00:00,1638.5,1640.0,1637.5,1637.5,16538,1638.6623987181038
2013-09-04 08:00:00,1637.75,1638.0,1635.0,1637.0,34399,1636.6212898630774
2013-09-04 09:00:00,1637.0,1643.75,1635.25,1642.5,225401,1639.5524786935284
2013-09-04 10:00:00,1642.75,1648.0,1642.5,1647.5,251545,1646.0409340277088
2013-09-04 11:00:00,1647.5,1653.5,1647.0,1653.25,258648,1650.1065154186385
2013-09-04 12:00:00,1653.25,1653.75,1652.0,1652.5,127433,1652.678087700988
2013-09-04 13:00:00,1652.75,1654.75,1651.25,1652.0,126336,1653.2147527228976
2013-09-04 14:00:00,1652.0,1653.5,1650.75,1653.0,107388,1651.9632640518494
2013-09-04 15:00:00,1652.75,1654.25,1649.5,1651.75,252979,1651.446071610687
2013-09-04 16:00:00,1651.75,1654.5,1651.25,1654.5,83547,1652.7166953930123
2013-09-04 17:00:00,1654.25,1655.25,1654.25,1655.0,4567,1654.8154149332165
2013-09-04 18:00:00,1654.75,1655.0,1654.0,1654.25,2789,1654.5150591609895
2013-09-04 19:00:00,1654.5,1655.0,1654.0,1654.75,1870,1654.6363636363637
2013-09-04 20:00:00,1654.75,1654.75,1653.25,1653.75,4455,1653.877665544332
2013-09-04 21:00:00,1653.5,1654.0,1653.0,1653.25,3355,1653.5479880774963
2013-09-04 22:00:00,1653.25,1654.0,1653.0,1653.75,1927,1653.6424494032174
2013-09-04 23:00:00,1653.75,1654.25,1653.5,1653.75,1852,1653.9183315334774
2013-09-05 00:00:00,1654.0,1655.5,1653.75,1655.25,2556,1654.5688575899844
2013-09-05 01:00:00,1655.25,1655.75,1653.75,1654.25,4454,1654.7573529411766
2013-09-05 02:00:00,1654.25,1654.5,1652.25,1652.5,6990,1653.459799713877
2013-09-05 03:00:00,1652.5,1656.5,1652.0,1655.5,23609,1654.6916747850396
2013-09-05 04:00:00,1655.25,1656.0,1651.0,1653.0,33163,1653.2462985857733
2013-09-05 05:00:00,1652.75,1653.5,1650.5,1651.75,16432,1651.8669821080819
2013-09-05 06:00:00,1651.5,1654.5,1651.25,1653.5,18943,1652.8870295095815
2013-09-05 07:00:00,1653.5,1654.25,1652.0,1653.0,16490,1653.0579442086114
2013-09-05 08:00:00,1653.0,1656.0,1652.5,1654.0,44913,1654.2563511678134
2013-09-05 09:00:00,1654.0,1658.25,1651.25,1657.5,210586,1655.1178758322017
2013-09-05 10:00:00,1657.25,1658.0,1652.5,1653.0,235233,1655.332114329197
2013-09-05 11:00:00,1653.0,1656.25,1652.75,1655.75,157592,1654.4337862962586
2013-09-05 12:00:00,1655.5,1656.0,1653.75,1654.5,86069,1654.597764584229
2013-09-05 13:00:00,1654.5,1656.25,1653.25,1654.0,89305,1654.6356502995352
2013-09-05 14:00:00,1654.0,1656.75,1653.5,1656.0,80945,1655.1137130150103
2013-09-05 15:00:00,1656.0,1656.0,1652.75,1653.0,126970,1653.98850318973
2013-09-05 16:00:00,1653.25,1653.5,1652.0,1652.25,63513,1652.8593634374065
2013-09-05 17:00:00,1652.5,1652.75,1651.75,1652.0,1755,1652.2004273504274
2013-09-05 18:00:00,1652.0,1654.0,1652.0,1653.5,2632,1653.064874620061
2013-09-05 19:00:00,1653.5,1654.0,1653.0,1653.75,1019,1653.5888125613346
2013-09-05 20:00:00,1654.0,1654.0,1648.5,1649.0,9510,1650.9684805467928
2013-09-05 21:00:00,1649.0,1650.25,1648.5,1650.0,8411,1649.2753537034835
2013-09-05 22:00:00,1649.75,1651.25,1649.5,1651.25,2512,1650.3760947452229
2013-09-05 23:00:00,1651.25,1651.75,1651.0,1651.75,2550,1651.4192156862746
2013-09-06 00:00:00,1651.5,1652.75,1651.25,1652.25,4892,1652.0538634505315
2013-09-06 01:00:00,1652.25,1652.5,1650.75,1651.25,6596,1651.5260006064282
2013-09-06 02:00:00,1651.25,1654.0,1651.0,1653.75,6250,1652.86952
2013-09-06 03:00:00,1653.75,1655.75,1652.0,1653.0,25527,1653.9064421984565
2013-09-06 04:00:00,1653.0,1654.25,1652.0,1653.75,17562,1653.1638196105228
2013-09-06 05:00:00,1653.75,1654.0,1652.0,1652.25,11059,1653.1117189619315
2013-09-06 06:00:00,1652.25,1653.75,1652.0,1653.5,10230,1652.7725806451613
2013-09-06 07:00:00,1653.25,1656.5,1653.0,1656.0,28306,1655.1195152971102
2013-09-06 08:00:00,1656.0,1663.5,1655.75,1662.5,186136,1660.1398238384836
2013-09-06 09:00:00,1662.5,1662.75,1642.25,1645.75,541163,1650.9518499971357
2013-09-06 10:00:00,1645.75,1657.25,1638.75,1656.5,570496,1647.988454344991
2013-09-06 11:00:00,1656.5,1660.5,1656.5,1659.25,285884,1658.7742502203691
2013-09-06 12:00:00,1659.5,1660.5,1656.0,1658.0,130064,1658.4997424344938
2013-09-06 13:00:00,1658.0,1663.25,1657.75,1662.0,140699,1660.487288466869
2013-09-06 14:00:00,1662.0,1664.0,1660.0,1660.75,136468,1662.0580099363954
2013-09-06 15:00:00,1660.5,1661.5,1652.75,1654.0,316195,1656.6529894527112
2013-09-06 16:00:00,1653.75,1654.75,1652.5,1654.0,82266,1653.6355541779108
2013-09-06 17:00:00,1654.0,1654.5,1653.75,1654.0,715,1654.134965034965
2013-09-06 18:00:00,,,,,0,
2013-09-06 19:00:00,,,,,0,
2013-09-06 20:00:00,,,,,0,
2013-09-06 21:00:00,,,,,0,
2013-09-06 22:00:00,,,,,0,
2013-09-06 23:00:00,,,,,0,
2013-09-07 00:00:00,,,,,0,
2013-09-07 01:00:00,,,,,0,
2013-09-07 02:00:00,,,,,0,
2013-09-07 03:00:00,,,,,0,
2013-09-07 04:00:00,,,,,0,
2013-09-07 05:00:00,,,,,0,
2013-09-07 06:00:00,,,,,0,
2013-09-07 07:00:00,,,,,0,
2013-09-07 08:00:00,,,,,0,
2013-09-07 09:00:00,,,,,0,
2013-09-07 10:00:00,,,,,0,
2013-09-07 11:00:00,,,,,0,
2013-09-07 12:00:00,,,,,0,
2013-09-07 13:00:00,,,,,0,
2013-09-07 14:00:00,,,,,0,
2013-09-07 15:00:00,,,,,0,
2013-09-07 16:00:00,,,,,0,
2013-09-07 17:00:00,,,,,0,
2013-09-07 18:00:00,,,,,0,
2013-09-07 19:00:00,,,,,0,
2013-09-07 20:00:00,,,,,0,
2013-09-07 21:00:00,,,,,0,
2013-09-07 22:00:00,,,,,0,
2013-09-07 23:00:00,,,,,0,
2013-09-08 00:00:00,,,,,0,
2013-09-08 01:00:00,,,,,0,
2013-09-08 02:00:00,,,,,0,
2013-09-08 03:00:00,,,,,0,
2013-09-08 04:00:00,,,,,0,
2013-09-08 05:00:00,,,,,0,
2013-09-08 06:00:00,,,,,0,
2013-09-08 07:00:00,,,,,0,
2013-09-08 08:00:00,,,,,0,
2013-09-08 09:00:00,,,,,0,
2013-09-08 10:00:00,,,,,0,
2013-09-08 11:00:00,,,,,0,
2013-09-08 12:00:00,,,,,0,
2013-09-08 13:00:00,,,,,0,
2013-09-08 14:00:00,,,,,0,
2013-09-08 15:00:00,,,,,0,
2013-09-08 16:00:00,,,,,0,
2013-09-08 17:00:00,,,,,0,
2013-09-08 18:00:00,1652.0,1658.0,1652.0,1656.0,10507,1655.423574759684
2013-09-08 19:00:00,1656.0,1657.25,1655.5,1656.5,2365,1656.2789640591966
2013-09-08 20:00:00,1656.5,1657.0,1654.75,1655.5,4538,1655.6557404142793
2013-09-08 21:00:00,1655.25,1656.75,1654.75,1656.0,3723,1655.9024979854955
2013-09-08 22:00:00,1656.0,1656.75,1654.75,1656.5,2797,1655.799427958527
2013-09-08 23:00:00,1656.75,1659.25,1656.5,1657.75,5650,1658.1121238938053
2013-09-09 00:00:00,1658.0,1658.25,1657.5,1657.75,1000,1658.027
2013-09-09 01:00:00,1657.75,1658.5,1657.25,1658.5,2183,1657.8087494273934
2013-09-09 02:00:00,1658.5,1659.25,1657.75,1658.75,6421,1658.628679333437
2013-09-09 03:00:00,1658.5,1659.0,1656.5,1657.75,19699,1657.6074673841313
2013-09-09 04:00:00,1658.0,1659.75,1657.25,1659.25,17754,1658.672172468176
2013-09-09 05:00:00,1659.5,1659.5,1656.5,1656.75,15041,1657.5909181570373
2013-09-09 06:00:00,1656.75,1659.0,1656.25,1656.25,13530,1657.694881744272
2013-09-09 07:00:00,1656.25,1658.5,1656.0,1657.0,17478,1657.2085049776863
2013-09-09 08:00:00,1657.25,1658.25,1656.5,1658.25,19772,1657.334601962371
2013-09-09 09:00:00,1658.25,1664.75,1657.75,1663.75,194479,1661.6559011512811
2013-09-09 10:00:00,1663.75,1665.25,1660.25,1662.0,205701,1662.3873838727084
2013-09-09 11:00:00,1662.0,1664.75,1661.0,1664.0,181435,1662.7538884448977
2013-09-09 12:00:00,1664.0,1667.0,1663.75,1666.0,137266,1665.6122692436584
2013-09-09 13:00:00,1665.75,1668.5,1665.25,1668.25,93901,1666.5381465586097
2013-09-09 14:00:00,1668.25,1671.75,1668.25,1669.75,175471,1670.1657054442044
2013-09-09 15:00:00,1669.75,1671.5,1668.75,1670.25,182157,1670.0155264414764
2013-09-09 16:00:00,1670.5,1671.25,1668.25,1670.5,102279,1670.2216217405332
2013-09-09 17:00:00,1670.25,1671.25,1670.25,1671.0,4251,1670.761938367443
2013-09-09 18:00:00,1671.0,1672.25,1670.5,1671.25,6893,1671.4493689249964
2013-09-09 19:00:00,1671.25,1672.25,1671.0,1672.0,3057,1671.5386817140989
2013-09-09 20:00:00,1671.75,1671.75,1670.75,1671.0,4198,1671.1632324916627
2013-09-09 21:00:00,1670.75,1671.0,1669.0,1669.5,5913,1669.8608151530525
2013-09-09 22:00:00,1669.5,1671.25,1669.5,1670.0,3104,1670.2859213917525
2013-09-09 23:00:00,1670.0,1670.25,1669.0,1669.75,5086,1669.7565867086118
2013-09-10 00:00:00,1669.5,1670.75,1669.5,1670.75,1768,1670.2529694570135
2013-09-10 01:00:00,1670.5,1672.75,1670.5,1672.0,6804,1671.907627865961
2013-09-10 02:00:00,1672.0,1673.0,1670.75,1672.5,10028,1671.9571200638213
2013-09-10 03:00:00,1672.5,1677.25,1671.5,1676.25,40722,1674.5646886204017
2013-09-10 04:00:00,1676.25,1677.75,1676.0,1676.5,18261,1676.9529872405674
2013-09-10 05:00:00,1676.5,1677.75,1675.75,1677.25,16317,1676.6780964638108
2013-09-10 06:00:00,1677.25,1678.5,1677.0,1677.5,16256,1677.6915600393702
2013-09-10 07:00:00,1677.25,1681.25,1677.0,1680.0,62516,1679.3524577708106
2013-09-10 08:00:00,1679.75,1680.75,1678.5,1679.0,45337,1679.7585746741072
2013-09-10 09:00:00,1679.25,1681.25,1676.75,1679.5,232093,1679.1476455558764
2013-09-10 10:00:00,1679.5,1683.0,1679.0,1681.75,271273,1681.0948131587
2013-09-10 11:00:00,1681.75,1682.25,1676.75,1678.5,232422,1680.104201624631
2013-09-10 12:00:00,1678.75,1681.25,1678.5,1680.75,119399,1679.5307268067572
2013-09-10 13:00:00,1680.5,1682.0,1679.0,1681.0,179619,1680.871057627534
2013-09-10 14:00:00,1681.25,1682.0,1679.25,1681.5,148377,1680.709213692149
2013-09-10 15:00:00,1681.5,1683.25,1680.25,1683.25,227134,1681.870843863094
2013-09-10 16:00:00,1683.25,1683.25,1681.75,1682.75,92682,1682.5089877214562
2013-09-10 17:00:00,1682.5,1683.0,1682.25,1682.75,2504,1682.6473642172523
2013-09-10 18:00:00,1682.25,1682.5,1681.5,1682.0,5117,1682.1195036153997
2013-09-10 19:00:00,1682.0,1682.0,1681.0,1681.5,3264,1681.4964767156862
2013-09-10 20:00:00,1681.5,1681.5,1680.25,1681.0,5043,1680.807356732104
2013-09-10 21:00:00,1681.0,1684.0,1679.75,1681.75,19899,1681.827817980803
2013-09-10 22:00:00,1681.75,1682.75,1680.5,1681.25,4594,1681.4829669133653
2013-09-10 23:00:00,1681.0,1681.25,1680.0,1681.25,4569,1680.6142481943532
2013-09-11 00:00:00,1681.25,1681.75,1680.5,1680.75,1899,1681.0951816745655
2013-09-11 01:00:00,1680.75,1681.75,1680.5,1681.5,2957,1681.1208995603652
2013-09-11 02:00:00,1681.5,1681.75,1679.75,1680.5,5586,1680.5857500895095
2013-09-11 03:00:00,1680.5,1682.5,1679.75,1680.5,18773,1680.696439034784
2013-09-11 04:00:00,1680.5,1683.5,1680.5,1683.25,16434,1682.0236095898747
2013-09-11 05:00:00,1683.0,1683.25,1680.5,1681.0,10965,1681.9181486548107
2013-09-11 06:00:00,1681.0,1683.0,1680.75,1682.25,14762,1681.9787630402384
2013-09-11 07:00:00,1682.0,1683.0,1679.75,1680.25,21325,1681.4115943728018
2013-09-11 08:00:00,1680.5,1681.75,1680.25,1681.25,24361,1680.864434957514
2013-09-11 09:00:00,1681.0,1682.75,1678.5,1679.5,203175,1681.1508576350436
2013-09-11 10:00:00,1679.5,1681.5,1677.75,1680.0,264158,1679.4551272344581
2013-09-11 11:00:00,1680.0,1685.75,1680.0,1684.5,246969,1682.9053180763578
2013-09-11 12:00:00,1684.75,1686.25,1683.5,1685.75,186189,1684.9297729726245
2013-09-11 13:00:00,1685.75,1687.5,1684.75,1687.0,140188,1686.137374454304
2013-09-11 14:00:00,1686.75,1687.75,1685.0,1685.5,123229,1686.3145383797646
2013-09-11 15:00:00,1685.5,1688.5,1684.25,1688.5,184078,1685.7477115679224
2013-09-11 16:00:00,1688.5,1690.0,1687.5,1690.0,72575,1688.3510885291078
2013-09-11 17:00:00,1689.75,1690.5,1689.75,1690.25,3977,1690.094229318582
2013-09-11 18:00:00,1689.75,1690.0,1688.75,1689.25,3700,1689.5235810810811
2013-09-11 19:00:00,1689.25,1689.5,1688.25,1688.75,4406,1688.8774398547434
2013-09-11 20:00:00,1688.5,1689.5,1687.5,1687.75,8080,1688.4392945544555
2013-09-11 21:00:00,1687.75,1690.0,1687.25,1687.25,9105,1688.4526908292148
2013-09-11 22:00:00,1687.25,1688.5,1687.25,1688.0,3474,1687.7602187679909
2013-09-11 23:00:00,1688.0,1688.5,1687.5,1688.25,1716,1688.0483682983684
2013-09-12 00:00:00,1688.5,1688.75,1687.5,1687.75,1647,1687.945051608986
2013-09-12 01:00:00,1687.5,1688.75,1687.5,1688.25,4264,1688.2465994371482
2013-09-12 02:00:00,1688.5,1688.5,1686.75,1687.0,5804,1687.3444176430048
2013-09-12 03:00:00,1687.25,1688.25,1686.75,1687.5,13933,1687.5546723605828
2013-09-12 04:00:00,1687.75,1688.25,1686.5,1687.0,14627,1687.085048198537
2013-09-12 05:00:00,1687.0,1687.0,1685.25,1686.0,16047,1686.1705770549013
2013-09-12 06:00:00,1686.25,1687.75,1685.25,1687.5,13339,1686.7430092210811
2013-09-12 07:00:00,1687.5,1689.5,1686.75,1689.25,24272,1687.9333697264337
2013-09-12 08:00:00,1689.25,1689.5,1687.0,1688.75,30799,1688.2360141563038
2013-09-12 09:00:00,1688.5,1689.0,1685.0,1688.0,163482,1686.9832259820653
2013-09-12 10:00:00,1688.0,1690.0,1687.0,1687.75,107791,1688.4801583620153
2013-09-12 11:00:00,1687.75,1688.75,1684.25,1685.25,133403,1686.115287887079
2013-09-12 12:00:00,1685.25,1685.5,1681.75,1684.25,105410,1683.5384237738356
2013-09-12 13:00:00,1684.5,1687.5,1684.0,1685.75,60716,1686.0789742407273
2013-09-12 14:00:00,1685.75,1686.75,1683.75,1686.75,75534,1685.559506315037
2013-09-12 15:00:00,1686.75,1686.75,1681.25,1683.75,160123,1683.3932461295378
2013-09-12 16:00:00,1683.75,1685.75,1683.5,1685.25,64700,1684.556673106646
2013-09-12 17:00:00,1685.5,1685.75,1684.75,1685.5,2284,1685.2606173380036
2013-09-12 18:00:00,1678.25,1679.5,1678.0,1679.0,1286,1678.702566096423
2013-09-12 19:00:00,1679.0,1679.25,1678.25,1679.0,383,1678.8126631853786
2013-09-12 20:00:00,1679.0,1680.75,1679.0,1680.25,3620,1680.0399861878452
2013-09-12 21:00:00,1680.25,1680.25,1679.0,1679.5,2977,1679.710194827007
2013-09-12 22:00:00,1679.5,1679.75,1678.25,1678.75,2261,1678.8264042459089
2013-09-12 23:00:00,1678.75,1679.25,1678.25,1679.0,1905,1678.6339895013123
2013-09-13 00:00:00,1679.25,1679.5,1678.75,1679.25,1043,1679.2281879194632
2013-09-13 01:00:00,1679.25,1679.25,1674.0,1675.75,8704,1676.1252872242646
2013-09-13 02:00:00,1675.5,1677.25,1675.5,1676.0,4290,1676.1518065268065
2013-09-13 03:00:00,1676.0,1679.0,1675.5,1678.0,13918,1677.339668055755
2013-09-13 04:00:00,1678.0,1678.0,1674.75,1676.25,11985,1676.0746766791824
2013-09-13 05:00:00,1676.25,1677.25,1675.5,1676.0,4208,1676.3475522813687
2013-09-13 06:00:00,1676.0,1677.25,1675.75,1676.75,5741,1676.5056174882425
2013-09-13 07:00:00,1676.75,1679.0,1676.0,1678.25,11837,1677.7173903860776
2013-09-13 08:00:00,1678.0,1680.5,1678.0,1679.5,23029,1679.3077966911285
2013-09-13 09:00:00,1679.5,1682.25,1677.75,1680.25,141817,1679.5720647031033
2013-09-13 10:00:00,1680.25,1680.5,1675.0,1679.25,184539,1677.6346124667414
2013-09-13 11:00:00,1679.0,1681.5,1678.5,1680.5,81903,1680.0114647815099
2013-09-13 12:00:00,1680.5,1681.75,1679.25,1679.5,42007,1680.4546206584616
2013-09-13 13:00:00,1679.5,1681.25,1679.5,1681.25,29272,1680.664312312107
2013-09-13 14:00:00,1681.25,1682.0,1680.25,1680.5,39491,1681.133612721886
2013-09-13 15:00:00,1680.5,1681.5,1678.75,1681.0,94667,1680.3282268372295
2013-09-13 16:00:00,1681.0,1683.75,1680.25,1683.0,46869,1681.492617721735
2013-09-13 17:00:00,1683.25,1683.25,1682.5,1682.75,936,1682.8330662393162
2013-09-13 18:00:00,,,,,0,
2013-09-13 19:00:00,,,,,0,
2013-09-13 20:00:00,,,,,0,
2013-09-13 21:00:00,,,,,0,
2013-09-13 22:00:00,,,,,0,
2013-09-13 23:00:00,,,,,0,
2013-09-14 00:00:00,,,,,0,
2013-09-14 01:00:00,,,,,0,
2013-09-14 02:00:00,,,,,0,
2013-09-14 03:00:00,,,,,0,
2013-09-14 04:00:00,,,,,0,
2013-09-14 05:00:00,,,,,0,
2013-09-14 06:00:00,,,,,0,
2013-09-14 07:00:00,,,,,0,
2013-09-14 08:00:00,,,,,0,
2013-09-14 09:00:00,,,,,0,
2013-09-14 10:00:00,,,,,0,
2013-09-14 11:00:00,,,,,0,
2013-09-14 12:00:00,,,,,0,
2013-09-14 13:00:00,,,,,0,
2013-09-14 14:00:00,,,,,0,
2013-09-14 15:00:00,,,,,0,
2013-09-14 16:00:00,,,,,0,
2013-09-14 17:00:00,,,,,0,
2013-09-14 18:00:00,,,,,0,
2013-09-14 19:00:00,,,,,0,
2013-09-14 20:00:00,,,,,0,
2013-09-14 21:00:00,,,,,0,
2013-09-14 22:00:00,,,,,0,
2013-09-14 23:00:00,,,,,0,
2013-09-15 00:00:00,,,,,0,
2013-09-15 01:00:00,,,,,0,
2013-09-15 02:00:00,,,,,0,
2013-09-15 03:00:00,,,,,0,
2013-09-15 04:00:00,,,,,0,
2013-09-15 05:00:00,,,,,0,
2013-09-15 06:00:00,,,,,0,
2013-09-15 07:00:00,,,,,0,
2013-09-15 08:00:00,,,,,0,
2013-09-15 09:00:00,,,,,0,
2013-09-15 10:00:00,,,,,0,
2013-09-15 11:00:00,,,,,0,
2013-09-15 12:00:00,,,,,0,
2013-09-15 13:00:00,,,,,0,
2013-09-15 14:00:00,,,,,0,
2013-09-15 15:00:00,,,,,0,
2013-09-15 16:00:00,,,,,0,
2013-09-15 17:00:00,,,,,0,
2013-09-15 18:00:00,1693.0,1703.75,1692.0,1700.75,64976,1698.6080398916522
2013-09-15 19:00:00,1700.75,1701.75,1699.25,1700.0,11627,1700.6708953298357
2013-09-15 20:00:00,1699.75,1700.5,1699.25,1700.0,8065,1699.8592064476131
2013-09-15 21:00:00,1700.0,1700.25,1699.0,1699.5,5161,1699.6902732028677
2013-09-15 22:00:00,1699.25,1700.0,1699.0,1700.0,2466,1699.6225669099756
2013-09-15 23:00:00,1700.0,1700.75,1699.5,1700.75,2791,1700.2681834467933
2013-09-16 00:00:00,1700.5,1701.0,1700.0,1700.25,3212,1700.5101961394769
2013-09-16 01:00:00,1700.25,1700.5,1699.25,1699.75,4641,1699.909017453135
2013-09-16 02:00:00,1699.75,1699.75,1698.5,1699.25,12049,1699.1701593493235
2013-09-16 03:00:00,1699.25,1699.75,1697.5,1699.25,27640,1698.4046490593344
2013-09-16 04:00:00,1699.25,1702.5,1699.0,1700.75,23300,1701.3578755364806
2013-09-16 05:00:00,1700.75,1701.75,1699.75,1700.25,9129,1700.810658341549
2013-09-16 06:00:00,1700.25,1701.5,1699.5,1699.5,12367,1700.4865973962967
2013-09-16 07:00:00,1699.5,1700.5,1699.0,1699.75,15986,1699.6488020768172
2013-09-16 08:00:00,1699.75,1700.0,1697.5,1698.0,25724,1698.5893232001245
2013-09-16 09:00:00,1698.0,1700.5,1693.5,1694.75,236557,1696.4286641274618
2013-09-16 10:00:00,1694.75,1696.75,1691.75,1694.5,214634,1694.6086593922678
2013-09-16 11:00:00,1694.25,1697.25,1693.75,1697.0,108175,1695.5290154841691
2013-09-16 12:00:00,1697.0,1698.5,1695.0,1695.25,95927,1697.0173074316929
2013-09-16 13:00:00,1695.0,1696.0,1690.0,1692.75,104726,1693.005860531291
2013-09-16 14:00:00,1692.75,1693.25,1689.0,1690.0,128289,1691.0815931217796
2013-09-16 15:00:00,1689.75,1692.5,1688.0,1690.5,189504,1690.1071059186086
2013-09-16 16:00:00,1690.5,1692.25,1689.5,1690.75,65209,1690.7752725850726
2013-09-16 17:00:00,1690.75,1691.0,1689.0,1689.25,3899,1689.7614131828675
2013-09-16 18:00:00,1689.0,1690.75,1688.75,1690.75,5087,1690.0314035777471
2013-09-16 19:00:00,1690.5,1690.5,1688.25,1688.5,3201,1689.3994845360826
2013-09-16 20:00:00,1688.5,1690.0,1688.0,1689.0,4943,1688.951901679142
2013-09-16 21:00:00,1689.25,1690.25,1688.75,1688.75,2356,1689.5078522920203
2013-09-16 22:00:00,1689.0,1690.25,1688.75,1690.25,1777,1689.6354811480023
2013-09-16 23:00:00,1690.25,1690.75,1689.25,1689.5,3190,1689.9615987460816
2013-09-17 00:00:00,1689.25,1689.5,1688.5,1688.75,1296,1688.981674382716
2013-09-17 01:00:00,1689.0,1689.25,1688.0,1689.0,2702,1688.6259252405625
2013-09-17 02:00:00,1688.75,1689.75,1688.5,1689.5,5166,1689.0599593495936
2013-09-17 03:00:00,1689.5,1691.25,1688.25,1688.5,14270,1689.8778556412053
2013-09-17 04:00:00,1688.25,1690.25,1687.75,1689.75,10413,1688.8058676654182
2013-09-17 05:00:00,1689.5,1690.5,1688.0,1689.25,15875,1688.9391968503937
2013-09-17 06:00:00,1689.5,1689.75,1688.25,1689.5,10194,1689.0896605846576
2013-09-17 07:00:00,1689.5,1691.5,1688.5,1691.25,21160,1690.1805056710775
2013-09-17 08:00:00,1691.25,1692.75,1690.75,1691.75,32894,1691.683354107132
2013-09-17 09:00:00,1691.75,1696.5,1691.75,1695.25,178968,1694.1206556479372
2013-09-17 10:00:00,1695.25,1697.75,1694.75,1696.25,145936,1696.3293481389103
2013-09-17 11:00:00,1696.0,1697.25,1695.5,1696.25,78870,1696.2845029795867
2013-09-17 12:00:00,1696.25,1698.25,1695.75,1698.0,46073,1696.7664901352202
2013-09-17 13:00:00,1698.0,1698.5,1697.0,1698.25,52282,1697.7653637963354
2013-09-17 14:00:00,1698.25,1698.75,1697.25,1698.0,56307,1698.0235672296517
2013-09-17 15:00:00,1697.75,1698.25,1696.5,1698.25,131108,1697.594895048357
2013-09-17 16:00:00,1698.0,1699.75,1697.5,1699.25,63286,1698.1599445374964
2013-09-17 17:00:00,1699.25,1699.75,1699.0,1699.25,1740,1699.3543103448276
2013-09-17 18:00:00,1699.25,1699.75,1698.25,1698.75,3886,1698.9201621204322
2013-09-17 19:00:00,1698.75,1699.25,1698.5,1699.0,1782,1698.9170875420875
2013-09-17 20:00:00,1698.75,1700.0,1698.5,1699.25,5078,1699.353239464356
2013-09-17 21:00:00,1699.0,1700.5,1699.0,1700.5,4587,1700.0850228907782
2013-09-17 22:00:00,1700.25,1701.0,1700.0,1700.0,3039,1700.4539322145442
2013-09-17 23:00:00,1700.25,1700.25,1698.25,1699.25,4728,1699.2818845177665
2013-09-18 00:00:00,1699.5,1699.75,1699.0,1699.25,972,1699.2924382716049
2013-09-18 01:00:00,1699.25,1700.0,1699.0,1699.75,1901,1699.5482640715413
2013-09-18 02:00:00,1700.0,1700.0,1698.75,1699.5,4459,1699.2372729311505
2013-09-18 03:00:00,1699.25,1700.0,1698.0,1698.75,13829,1699.0028382384844
2013-09-18 04:00:00,1699.0,1700.75,1699.0,1700.5,14234,1700.1261767598708
2013-09-18 05:00:00,1700.75,1701.75,1699.75,1700.5,16116,1700.8420203524447
2013-09-18 06:00:00,1700.25,1700.75,1699.25,1700.25,15214,1699.9780794005521
2013-09-18 07:00:00,1700.25,1700.5,1699.0,1699.5,12205,1699.7057968045883
2013-09-18 08:00:00,1699.5,1700.25,1698.25,1698.5,34451,1699.2116121447852
2013-09-18 09:00:00,1698.5,1699.0,1697.0,1697.75,132714,1698.0251763190017
2013-09-18 10:00:00,1697.75,1699.25,1694.5,1696.0,164055,1696.6717579470298
2013-09-18 11:00:00,1696.0,1696.5,1694.0,1694.5,96103,1695.3909113139027
2013-09-18 12:00:00,1694.25,1695.5,1693.25,1695.25,86621,1694.1810646379054
2013-09-18 13:00:00,1695.0,1697.5,1695.0,1695.5,88337,1696.1416082728642
2013-09-18 14:00:00,1695.75,1722.5,1695.75,1722.25,710109,1712.9797485315635
2013-09-18 15:00:00,1722.5,1723.25,1716.25,1718.5,400833,1718.9370136690343
2013-09-18 16:00:00,1718.75,1719.25,1717.25,1718.5,111944,1718.059435967984
2013-09-18 17:00:00,1718.25,1719.0,1718.25,1719.0,3837,1718.7304534792806
2013-09-18 18:00:00,1718.5,1719.75,1718.5,1719.25,7304,1718.9087828587076
2013-09-18 19:00:00,1719.5,1720.5,1719.0,1719.5,8099,1719.8902333621434
2013-09-18 20:00:00,1719.5,1719.75,1718.25,1718.75,5858,1718.8720553089793
2013-09-18 21:00:00,1718.75,1719.5,1718.25,1719.5,4411,1718.7761278621629
2013-09-18 22:00:00,1719.5,1720.75,1719.25,1720.5,6909,1720.1158271819365
2013-09-18 23:00:00,1720.5,1720.75,1718.75,1719.0,5801,1719.4315204275124
2013-09-19 00:00:00,1718.75,1719.75,1718.75,1719.25,1976,1719.4409159919028
2013-09-19 01:00:00,1719.25,1720.75,1719.0,1720.5,5983,1719.9471836871135
2013-09-19 02:00:00,1720.5,1721.25,1719.0,1720.75,13145,1720.3270254849754
2013-09-19 03:00:00,1721.0,1723.75,1720.25,1722.75,45397,1721.6512104324074
2013-09-19 04:00:00,1722.75,1723.5,1722.25,1723.5,22250,1722.763404494382
2013-09-19 05:00:00,1723.5,1726.75,1723.25,1725.5,39974,1725.1269387601942
2013-09-19 06:00:00,1725.75,1726.5,1725.0,1725.25,17537,1725.6448651422706
2013-09-19 07:00:00,1725.0,1725.75,1721.75,1723.0,23343,1723.578599580174
2013-09-19 08:00:00,1723.0,1723.0,1721.0,1721.75,50252,1722.0545948419963
2013-09-19 09:00:00,1721.75,1723.75,1718.25,1721.75,264173,1720.9850637650327
2013-09-19 10:00:00,1722.0,1722.75,1717.75,1719.75,290565,1719.9009799872663
2013-09-19 11:00:00,1719.75,1720.0,1715.5,1716.75,195523,1717.6096750765894
2013-09-19 12:00:00,1716.75,1718.75,1716.0,1716.0,99547,1717.6278592021858
2013-09-19 13:00:00,1716.0,1717.0,1713.5,1713.75,138805,1715.1312830949894
2013-09-19 14:00:00,1713.75,1716.5,1713.25,1715.75,98484,1714.9415691889037
2013-09-19 15:00:00,1715.5,1717.5,1714.5,1715.5,182060,1716.013539492475
2013-09-19 16:00:00,1715.5,1717.75,1715.0,1716.5,76171,1716.2544111275945
2013-09-19 17:00:00,1716.5,1717.5,1716.25,1717.0,3601,1717.0990002777007
2013-09-19 18:00:00,1717.25,1717.5,1716.0,1716.5,5322,1716.5241450582487
2013-09-19 19:00:00,1716.5,1716.75,1715.5,1716.0,1557,1715.9964675658318
2013-09-19 20:00:00,1715.75,1716.0,1715.25,1715.75,2674,1715.6805347793568
2013-09-19 21:00:00,1715.5,1715.75,1714.25,1715.0,4057,1714.966785802317
2013-09-19 22:00:00,1715.0,1715.75,1715.0,1715.5,1112,1715.3610611510792
2013-09-19 23:00:00,1715.5,1715.75,1715.0,1715.25,1787,1715.3276440962507
2013-09-20 00:00:00,1715.0,1715.5,1714.75,1715.5,848,1715.1435731132076
2013-09-20 01:00:00,1715.5,1716.0,1715.25,1716.0,1782,1715.864478114478
2013-09-20 02:00:00,1716.0,1716.25,1714.5,1715.5,6081,1715.310598585759
2013-09-20 03:00:00,1715.75,1717.25,1714.75,1716.5,18479,1715.8219871205151
2013-09-20 04:00:00,1716.75,1717.5,1716.25,1716.5,11346,1716.9181870262648
2013-09-20 05:00:00,1716.5,1717.5,1716.0,1717.25,14211,1716.7066708887482
2013-09-20 06:00:00,1717.25,1717.5,1716.5,1717.25,9577,1717.0177769656468
2013-09-20 07:00:00,1717.0,1718.5,1716.0,1716.25,25278,1717.5803762164728
2013-09-20 08:00:00,1716.5,1716.5,1713.75,1716.0,82134,1714.9550247157085
2013-09-20 09:00:00,1715.75,1719.5,1713.0,1714.5,275780,1716.6523279425628
2013-09-20 10:00:00,1714.25,1715.75,1711.75,1714.5,223140,1713.997405216456
2013-09-20 11:00:00,1714.25,1715.25,1707.75,1708.25,203430,1711.5506906552623
2013-09-20 12:00:00,1708.25,1710.0,1706.75,1709.5,142231,1708.3906321406726
2013-09-20 13:00:00,1709.5,1710.0,1705.25,1705.5,124802,1707.0508906107275
2013-09-20 14:00:00,1705.5,1707.25,1704.0,1705.75,136758,1705.5192602992147
2013-09-20 15:00:00,1705.75,1707.0,1701.25,1702.75,297173,1703.7158019066335
2013-09-20 16:00:00,1702.75,1704.5,1701.25,1704.25,130918,1702.5014627476742
2013-09-20 17:00:00,1704.25,1704.75,1703.5,1703.75,3167,1704.2489737922324
