date,open,high,low,volume,close
09/01/2013 18:18:59,1640.25,1642,1639,21722,1641.25
09/01/2013 21:42:07,1641.25,1643.5,1639.75,21713,1640.75
09/02/2013 2:05:25,1640.75,1644.5,1640.5,21645,1644.5
09/02/2013 3:02:09,1644.5,1646,1642.75,21722,1645.25
09/02/2013 4:32:44,1645.25,1647.25,1644.25,21654,1645.5
09/02/2013 6:40:20,1645.5,1648,1645.25,21574,1648
09/02/2013 8:06:35,1648,1648.5,1646,21706,1646.75
09/02/2013 9:47:12,1646.75,1647.75,1645.25,21652,1647.5
09/02/2013 18:20:51,1647.5,1648.5,1645.25,21637,1646
09/02/2013 23:27:39,1646,1648.25,1645.25,21640,1647.75
09/03/2013 2:11:45,1647.75,1649,1646.25,21632,1647
09/03/2013 3:06:40,1647,1648.5,1646.5,21636,1648
09/03/2013 3:54:26,1648,1648.5,1643.5,21648,1643.75
09/03/2013 4:00:01,1643.75,1644.5,1642.5,21681,1643.25
09/03/2013 4:09:58,1643.25,1646.75,1642.25,21662,1643.75
09/03/2013 4:48:46,1643.75,1645.5,1642.25,21707,1644
09/03/2013 6:05:34,1644,1647,1642.75,21664,1645.25
09/03/2013 6:53:54,1645.25,1647,1642.5,21516,1644
09/03/2013 7:37:18,1644,1646.25,1643.5,21827,1645.75
09/03/2013 8:16:15,1645.75,1647,1645.5,21656,1646
09/03/2013 8:30:05,1646,1647,1645.5,21524,1647
09/03/2013 8:31:19,1647,1648.75,1646.25,21758,1648.75
09/03/2013 8:32:05,1648.75,1649.25,1647.75,21613,1647.75
09/03/2013 8:33:54,1647.75,1649,1647.5,21635,1649
09/03/2013 8:35:18,1649,1649.5,1647.75,21616,1649.5
09/03/2013 8:37:17,1649.5,1650,1648.5,21613,1648.75
09/03/2013 8:40:20,1648.75,1649.75,1648.25,21621,1649.5
09/03/2013 8:43:13,1649.5,1649.75,1647.5,21609,1648.25
09/03/2013 8:47:08,1648.25,1648.5,1647.25,21640,1647.25
09/03/2013 8:51:22,1647.25,1648,1646.75,21643,1647.5
09/03/2013 8:55:37,1647.5,1647.75,1646.25,21644,1647.5
09/03/2013 9:01:00,1647.5,1648,1645.5,21642,1645.75
09/03/2013 9:02:50,1645.75,1646.25,1644.25,21663,1645.25
09/03/2013 9:06:22,1645.25,1647.25,1645,21580,1647.25
09/03/2013 9:10:25,1647.25,1647.5,1645.5,21720,1647.25
09/03/2013 9:13:22,1647.25,1648.75,1647,21629,1648.25
09/03/2013 9:17:18,1648.25,1648.5,1645.5,21644,1645.75
09/03/2013 9:21:27,1645.75,1646.25,1644,21664,1644.5
09/03/2013 9:26:00,1644.5,1645.25,1643.75,21655,1645
09/03/2013 9:30:32,1645,1645.75,1644.5,21688,1645
09/03/2013 9:37:01,1645,1646.5,1644.75,21533,1646
09/03/2013 9:44:58,1646,1647,1645.75,21719,1646.75
09/03/2013 9:50:20,1646.75,1647.75,1646.5,21685,1646.5
09/03/2013 9:57:08,1646.5,1646.5,1644.75,21643,1644.75
09/03/2013 10:01:36,1644.75,1646,1644.5,21691,1645.5
09/03/2013 10:11:50,1645.5,1646.5,1644.75,21659,1646.25
09/03/2013 10:18:05,1646.25,1646.75,1644,21634,1644.75
09/03/2013 10:20:24,1644.75,1645.25,1642.5,21672,1643
09/03/2013 10:23:03,1643,1643.25,1641.5,21745,1641.75
09/03/2013 10:24:27,1641.75,1642,1640,21724,1640.5
09/03/2013 10:27:07,1640.5,1641.5,1640.25,21723,1640.75
09/03/2013 10:28:21,1640.75,1640.75,1638.5,21743,1639
09/03/2013 10:30:18,1639,1639.5,1637.25,21749,1637.5
09/03/2013 10:32:31,1637.5,1639.5,1637.25,21760,1639
09/03/2013 10:35:57,1639,1639.5,1638.25,21722,1638.5
09/03/2013 10:40:05,1638.5,1639.25,1637.5,21781,1638.75
09/03/2013 10:45:22,1638.75,1640,1637.5,21747,1637.75
09/03/2013 10:48:39,1637.75,1638.5,1636.25,21772,1637.5
09/03/2013 10:53:38,1637.5,1639.25,1637.5,21747,1639.25
09/03/2013 11:00:39,1639.25,1639.25,1637.25,21206,1637.5
09/03/2013 11:06:31,1637.5,1638.75,1637.25,22332,1638.75
09/03/2013 11:14:39,1638.75,1639.5,1638,21736,1638
09/03/2013 11:21:21,1638,1638.25,1636.25,21767,1636.75
09/03/2013 11:29:14,1636.75,1638.25,1636.25,21779,1637
09/03/2013 11:36:38,1637,1638.25,1636.5,21660,1636.75
09/03/2013 11:43:22,1636.75,1637.75,1635.5,21879,1636.5
09/03/2013 11:47:22,1636.5,1636.5,1634.25,21671,1634.5
09/03/2013 11:51:14,1634.5,1635,1633.75,21945,1634.5
09/03/2013 11:59:53,1634.5,1635.25,1633.25,21797,1633.75
09/03/2013 12:04:45,1633.75,1634,1632.5,21695,1632.75
09/03/2013 12:10:12,1632.75,1634.5,1632,21966,1634.25
09/03/2013 12:16:31,1634.25,1635.5,1634,21806,1634.25
09/03/2013 12:22:21,1634.25,1634.5,1632.25,21824,1632.75
09/03/2013 12:32:28,1632.75,1635,1632.75,21811,1634
09/03/2013 12:45:52,1634,1635.5,1633.75,21808,1633.75
09/03/2013 12:50:47,1633.75,1633.75,1631.5,21809,1632.5
09/03/2013 12:58:38,1632.5,1633.75,1632.25,21839,1632.5
09/03/2013 13:06:51,1632.5,1634.25,1631.5,21836,1633.5
09/03/2013 13:14:08,1633.5,1635.5,1633,21807,1634.75
09/03/2013 13:22:38,1634.75,1635.25,1632,21804,1632
09/03/2013 13:28:45,1632,1633.25,1631.5,21822,1631.5
09/03/2013 13:32:44,1631.5,1634.5,1631.25,21842,1634.25
09/03/2013 13:39:13,1634.25,1634.75,1632.5,21701,1633.75
09/03/2013 13:46:36,1633.75,1634,1631.5,21945,1631.75
09/03/2013 13:51:56,1631.75,1633.75,1630.75,21833,1631.75
09/03/2013 13:56:19,1631.75,1634.75,1631.5,21831,1634
09/03/2013 14:03:17,1634,1635.25,1633.75,21804,1634.5
09/03/2013 14:05:52,1634.5,1637,1634.5,21766,1636.5
09/03/2013 14:08:15,1636.75,1638.25,1636.5,21792,1638
09/03/2013 14:11:11,1638,1638.5,1637.25,21759,1637.25
09/03/2013 14:16:37,1637.25,1639,1637.25,21753,1638.5
09/03/2013 14:23:14,1638.5,1638.5,1637,21773,1637.5
09/03/2013 14:30:27,1637.5,1638,1636.5,21777,1638
09/03/2013 14:37:30,1637.75,1638.25,1636.75,21766,1637.25
09/03/2013 14:42:46,1637.25,1638.5,1637,21633,1638.25
09/03/2013 14:46:36,1638.25,1639.5,1638,21873,1638.75
09/03/2013 14:48:59,1638.75,1639,1635.75,21779,1636
09/03/2013 14:53:33,1636,1636.75,1635,21774,1636.25
09/03/2013 14:57:08,1636.25,1637.25,1636,21789,1636.25
09/03/2013 14:59:33,1636.25,1636.75,1635.5,21780,1636.25
09/03/2013 15:00:00,1636,1638,1636,21783,1637.75
09/03/2013 15:00:33,1637.75,1638,1637,21714,1637.75
09/03/2013 15:02:45,1637.75,1638.75,1637,21815,1638.25
09/03/2013 15:09:10,1638.25,1639,1637.5,21737,1639
09/03/2013 15:14:52,1639,1640,1637.5,21712,1640
09/03/2013 18:59:03,1640,1640,1636,21826,1637.5
09/04/2013 0:44:14,1637.5,1642.25,1637,21742,1641.75
09/04/2013 2:21:28,1641.75,1642.25,1636.75,21739,1637
09/04/2013 3:33:05,1637,1639.25,1636.5,21757,1637
09/04/2013 4:48:16,1637,1639.25,1636,21771,1637.5
09/04/2013 6:05:40,1637.5,1639.25,1636.25,21755,1639
09/04/2013 7:24:11,1639,1640,1637,21768,1637.5
09/04/2013 7:49:08,1637.5,1638,1635,21781,1636
09/04/2013 8:22:03,1636,1638.5,1635.5,21769,1638
09/04/2013 8:31:13,1638,1638.75,1637.25,21764,1638.25
09/04/2013 8:34:31,1638.25,1639.5,1638,21740,1638
09/04/2013 8:36:39,1638,1638.25,1635.25,21783,1636
09/04/2013 8:40:07,1636,1637.25,1635.75,21782,1637
09/04/2013 8:42:39,1637,1640,1637,21748,1639.25
09/04/2013 8:45:35,1639.25,1641.25,1638.75,21740,1641
09/04/2013 8:48:51,1641,1641.75,1640.5,21716,1641
09/04/2013 8:51:49,1641,1643,1640.75,21705,1642.5
09/04/2013 8:55:38,1642.5,1643.75,1642.25,21688,1643.25
09/04/2013 9:01:06,1643.25,1644.25,1642.25,21695,1644.25
09/04/2013 9:06:32,1644,1644.75,1643.75,21651,1644.25
09/04/2013 9:08:42,1644.25,1645.5,1644.25,21687,1645.25
09/04/2013 9:12:09,1645.25,1646.25,1644.5,21669,1646.25
09/04/2013 9:15:50,1646.25,1646.75,1645.5,21600,1646.5
09/04/2013 9:20:50,1646.5,1646.75,1645.5,21663,1646.25
09/04/2013 9:28:07,1646.25,1647,1645.5,21664,1646.5
09/04/2013 9:34:22,1646.5,1647.25,1645.75,21637,1646.5
09/04/2013 9:40:08,1646.5,1647.75,1645.75,21695,1647.25
09/04/2013 9:46:29,1647.25,1647.5,1646.25,21654,1646.5
09/04/2013 9:52:25,1646.5,1648,1646.5,21629,1647.75
09/04/2013 9:58:41,1647.75,1648,1646.75,21651,1647.5
09/04/2013 10:03:12,1647.5,1648.5,1647,21632,1648.5
09/04/2013 10:05:01,1648.5,1649.25,1648.5,21619,1649
09/04/2013 10:10:13,1649,1649.75,1648.75,21612,1649.75
09/04/2013 10:17:06,1649.75,1649.75,1648.5,21591,1648.75
09/04/2013 10:24:04,1648.75,1649,1648,21642,1648.75
09/04/2013 10:32:41,1648.75,1649.75,1648.25,21617,1649.25
09/04/2013 10:39:47,1649.25,1650,1648.75,21613,1649.5
09/04/2013 10:41:16,1649.5,1651,1649.5,21531,1651
09/04/2013 10:45:50,1651,1651.75,1650.5,21604,1651.5
09/04/2013 10:51:03,1651.5,1652,1651,21559,1652
09/04/2013 10:54:29,1652,1652.75,1652,21616,1652.5
09/04/2013 10:57:48,1652.5,1653.5,1652.5,21591,1652.75
09/04/2013 11:06:04,1652.75,1653.25,1652.5,21570,1652.75
09/04/2013 11:12:17,1652.75,1653.5,1652.25,21558,1653
09/04/2013 11:19:18,1653,1653.75,1652,21542,1652.25
09/04/2013 11:33:12,1652.25,1653,1652,21587,1652.5
09/04/2013 11:48:41,1652.5,1653.5,1652.25,21581,1652.25
09/04/2013 11:56:50,1652.25,1653,1652,21569,1652.5
09/04/2013 12:12:26,1652.5,1653,1652,21564,1652.5
09/04/2013 12:19:41,1652.5,1654.25,1652.25,21566,1654
09/04/2013 12:28:52,1654,1654.75,1653.75,21548,1654
09/04/2013 12:36:16,1654,1654.25,1653.25,21546,1654
09/04/2013 12:49:53,1654,1654.25,1652.5,21539,1652.5
09/04/2013 12:59:45,1652.5,1653,1651.25,21604,1652
09/04/2013 13:08:34,1652,1653.25,1651.5,21538,1651.75
09/04/2013 13:20:21,1651.75,1652.25,1651,21610,1652
09/04/2013 13:32:52,1652,1652.25,1650.75,21585,1651.5
09/04/2013 13:45:28,1651.5,1652.5,1651.25,21580,1652.25
09/04/2013 14:00:12,1652.25,1653.5,1651.5,21564,1653
09/04/2013 14:16:44,1653,1653.5,1652,21568,1653.25
09/04/2013 14:24:22,1653.25,1654.25,1651.5,21515,1651.5
09/04/2013 14:25:10,1651.5,1651.5,1650,21635,1650.75
09/04/2013 14:28:19,1650.75,1652.75,1650.5,21585,1652
09/04/2013 14:32:32,1652,1652.5,1650.25,21585,1650.25
09/04/2013 14:37:41,1650.25,1651.25,1649.5,21593,1650.25
09/04/2013 14:44:21,1650.25,1651.25,1649.5,21598,1651
09/04/2013 14:49:18,1651,1652.75,1651,21575,1652
09/04/2013 14:55:08,1652,1652.25,1650.75,21586,1651
09/04/2013 14:57:49,1651,1651.25,1649.5,21602,1650.75
09/04/2013 14:59:56,1650.75,1652,1650.5,21551,1651.5
09/04/2013 15:00:01,1651.5,1652.25,1651.5,21601,1652
09/04/2013 15:00:55,1652,1652.5,1651.25,21593,1652.25
09/04/2013 15:06:12,1652.25,1653,1652,21535,1653
09/04/2013 15:14:34,1653,1654,1652.75,21345,1653.25
09/04/2013 18:59:21,1653,1655.25,1652.75,21795,1654.75
09/05/2013 1:22:12,1654.75,1655.75,1653,21551,1653.75
09/05/2013 2:47:35,1653.75,1656,1652,21545,1656
09/05/2013 3:44:18,1656,1656.5,1653.5,21537,1653.75
09/05/2013 4:14:26,1653.75,1654.25,1651,21577,1652.5
09/05/2013 5:25:35,1652.5,1653.25,1650.5,21581,1653
09/05/2013 6:33:22,1653,1654.5,1652,21560,1652.25
09/05/2013 7:33:55,1652.25,1654.5,1652.25,21558,1654
09/05/2013 7:52:32,1654,1656,1653.5,21536,1653.5
09/05/2013 8:15:03,1653.5,1654.75,1652.25,21559,1653.75
09/05/2013 8:30:01,1653.75,1654.5,1652,21554,1652.5
09/05/2013 8:31:48,1652.75,1652.75,1651.25,21576,1652.5
09/05/2013 8:34:56,1652.5,1654.75,1651.75,21568,1654.25
09/05/2013 8:37:18,1654.25,1655.75,1654.25,21499,1655
09/05/2013 8:41:36,1655,1656.25,1654.75,21235,1655.5
09/05/2013 8:45:27,1655.5,1657.5,1654.75,21855,1657.25
09/05/2013 8:47:59,1657.25,1658,1657,21498,1657.75
09/05/2013 8:52:48,1657.75,1658.25,1656.5,21513,1657
09/05/2013 8:58:39,1657,1657.75,1656.5,21510,1657.25
09/05/2013 9:03:46,1657.25,1658,1656.5,21506,1656.75
09/05/2013 9:08:31,1656.75,1657,1655.25,21525,1657
09/05/2013 9:15:20,1657,1657.25,1656,21516,1657.25
09/05/2013 9:24:11,1657.25,1657.75,1655.75,21512,1656.25
09/05/2013 9:31:55,1656.25,1657.25,1655.75,21504,1656
09/05/2013 9:34:16,1656,1656,1652.75,21544,1652.75
09/05/2013 9:38:43,1652.75,1654.5,1652.75,21469,1654
09/05/2013 9:43:31,1654,1654.75,1653.5,21643,1654.75
09/05/2013 9:49:34,1654.75,1655,1652.75,21554,1654.25
09/05/2013 9:55:08,1654.25,1655.75,1653.5,21538,1655.5
09/05/2013 9:59:58,1655.5,1655.5,1652.5,21549,1653
09/05/2013 10:04:55,1653,1654.5,1652.75,21552,1654
09/05/2013 10:11:42,1654,1655,1652.75,21554,1654.5
09/05/2013 10:19:28,1654.5,1654.75,1654,21535,1654.5
09/05/2013 10:26:43,1654.5,1654.5,1653,21566,1654.25
09/05/2013 10:34:16,1654.25,1655,1653.75,21545,1654.75
09/05/2013 10:42:08,1654.75,1656.25,1654.75,21520,1655.25
09/05/2013 10:54:22,1655.25,1656,1654.75,21545,1655.75
09/05/2013 11:07:43,1655.75,1656,1654.75,21532,1654.75
09/05/2013 11:17:47,1654.75,1655.25,1654,21543,1654.25
09/05/2013 11:32:44,1654.25,1655.25,1653.75,21544,1653.75
09/05/2013 11:52:24,1653.75,1655,1653.75,21538,1654.5
09/05/2013 12:08:20,1654.5,1655,1654,21521,1654.25
09/05/2013 12:21:44,1654.25,1654.75,1653.25,21584,1654.75
09/05/2013 12:43:23,1654.75,1655.5,1654.25,21524,1655.5
09/05/2013 12:55:35,1655.5,1656.25,1653.75,21544,1654
09/05/2013 13:05:54,1654,1654.75,1653.5,21550,1654.75
09/05/2013 13:28:53,1654.75,1655.5,1654.25,21533,1655
09/05/2013 13:45:47,1655,1655.75,1654.5,21526,1655.25
09/05/2013 13:56:04,1655.25,1656.75,1654.5,21537,1656
09/05/2013 14:10:51,1656,1656.25,1654.75,21533,1655
09/05/2013 14:29:07,1655,1655.5,1654,21544,1654.75
09/05/2013 14:38:45,1654.75,1655,1653.25,21552,1654.25
09/05/2013 14:51:03,1654,1654.75,1653,21552,1653.75
09/05/2013 14:58:00,1653.75,1654,1653,21563,1653.5
09/05/2013 14:59:59,1653.75,1653.75,1652.75,21549,1653
09/05/2013 15:00:26,1653,1653.25,1652.5,21570,1653
09/05/2013 15:06:18,1653,1653.25,1652.5,21572,1653.25
09/05/2013 15:40:48,1653.25,1653.5,1652.5,21558,1652.75
09/05/2013 20:26:02,1652.75,1654,1648.5,21592,1649
09/06/2013 1:14:09,1649.25,1652.75,1649,21587,1652.25
09/06/2013 2:39:27,1652.25,1655.75,1652,21534,1653.5
09/06/2013 3:54:07,1653.5,1654.25,1652,21577,1653
09/06/2013 5:43:46,1653,1654,1652,21563,1653
09/06/2013 6:43:11,1653,1656,1652.75,21548,1655.75
09/06/2013 7:08:18,1655.75,1658,1655,21518,1658
09/06/2013 7:25:33,1658,1659.5,1658,21487,1659.25
09/06/2013 7:30:56,1659.25,1659.75,1656.25,21499,1657.5
09/06/2013 7:32:21,1657.5,1662.25,1657.25,21470,1661.75
09/06/2013 7:33:45,1661.75,1663.5,1660.75,21432,1662
09/06/2013 7:36:25,1662,1662.25,1659.5,21469,1661.75
09/06/2013 7:42:30,1661.75,1662,1658.25,21479,1660.5
09/06/2013 7:51:33,1660.5,1661.5,1658.75,21461,1661
09/06/2013 7:58:11,1661,1662.75,1660.5,21435,1662.5
09/06/2013 8:14:01,1662.5,1662.75,1659.75,21475,1660
09/06/2013 8:28:40,1660,1660.75,1659,21472,1659.5
09/06/2013 8:31:52,1659.5,1660.5,1658.5,21483,1660.25
09/06/2013 8:34:22,1660.25,1660.5,1657.75,21480,1658.75
09/06/2013 8:37:00,1658.75,1661,1658.25,21481,1660
09/06/2013 8:39:13,1660,1660,1657.75,21489,1657.75
09/06/2013 8:40:16,1657.75,1658,1656,21512,1656
09/06/2013 8:41:12,1656,1656.25,1654.25,21538,1654.25
09/06/2013 8:42:20,1654.25,1655,1653,21548,1653
09/06/2013 8:43:08,1653,1653.5,1652.5,21555,1652.75
09/06/2013 8:44:11,1652.75,1653,1650.5,21578,1651
09/06/2013 8:44:35,1651,1651,1648.25,21601,1648.5
09/06/2013 8:45:28,1648.5,1650,1648,21627,1648.25
09/06/2013 8:46:04,1648.25,1648.5,1646.5,21484,1647.25
09/06/2013 8:46:59,1647.25,1647.25,1645,21805,1645.5
09/06/2013 8:47:31,1645.5,1645.5,1642.5,21677,1642.75
09/06/2013 8:48:02,1642.75,1644.5,1642.25,21692,1644
09/06/2013 8:48:56,1644,1645,1643.75,21680,1644.75
09/06/2013 8:49:55,1644.75,1646.25,1644.75,21654,1646
09/06/2013 8:50:31,1646,1647.75,1646,21647,1647
09/06/2013 8:52:07,1647,1647.75,1646,21648,1646.25
09/06/2013 8:53:44,1646.25,1648.25,1645.25,21645,1648
09/06/2013 8:55:31,1648,1648,1645.5,21643,1645.75
09/06/2013 8:57:08,1645.75,1647,1644.5,21658,1645.75
09/06/2013 8:59:32,1645.75,1647,1644.5,21640,1646
09/06/2013 9:01:18,1646,1646,1643.5,21691,1643.75
09/06/2013 9:03:05,1643.75,1645.25,1642.5,21680,1642.5
09/06/2013 9:03:42,1642.75,1642.75,1640.5,21714,1641
09/06/2013 9:04:18,1641,1641.25,1639,21732,1639.25
09/06/2013 9:05:17,1639.25,1640.75,1638.75,21629,1640.5
09/06/2013 9:06:33,1640.5,1643.25,1640.5,21819,1643.25
09/06/2013 9:08:09,1643.25,1644.75,1642.75,21679,1644.25
09/06/2013 9:10:21,1644.25,1645,1643,21688,1644
09/06/2013 9:12:07,1644,1646.5,1643.75,21662,1646.25
09/06/2013 9:13:42,1646.25,1646.75,1644.25,21673,1645.25
09/06/2013 9:15:42,1645.25,1647.75,1644.25,21656,1647.5
09/06/2013 9:17:16,1647.75,1648.25,1646.5,21634,1648
09/06/2013 9:19:49,1648,1648.75,1647,21633,1647.25
09/06/2013 9:23:22,1647.5,1648.75,1646.75,21615,1648.25
09/06/2013 9:26:56,1648.25,1648.75,1646.25,21654,1648.25
09/06/2013 9:29:25,1648.25,1649.5,1648.25,21610,1648.5
09/06/2013 9:31:33,1648.5,1650.25,1648.5,21604,1649
09/06/2013 9:35:55,1649,1650.5,1648.5,21620,1650
09/06/2013 9:40:59,1650,1650.75,1648.75,21606,1650.25
09/06/2013 9:43:25,1650.25,1652.5,1650,21582,1652.5
09/06/2013 9:45:01,1652.5,1653.75,1652,21567,1653.75
09/06/2013 9:46:26,1653.75,1654.75,1653.5,21532,1654.75
09/06/2013 9:48:45,1654.75,1655.25,1654.25,21531,1654.75
09/06/2013 9:51:49,1654.75,1655.5,1654,21568,1654.25
09/06/2013 9:56:28,1654.5,1655.25,1653.5,21551,1655.25
09/06/2013 9:58:03,1655.25,1657.25,1655,21495,1656.5
09/06/2013 10:00:36,1656.5,1658.25,1656.25,21534,1658
09/06/2013 10:03:51,1658,1659,1657.5,21496,1659
09/06/2013 10:05:28,1659,1660.25,1658.25,21483,1659.5
09/06/2013 10:09:17,1659.5,1659.5,1658.25,21488,1658.25
09/06/2013 10:12:52,1658.25,1659.75,1658,21491,1659.25
09/06/2013 10:16:44,1659.25,1659.75,1658.25,21483,1658.25
09/06/2013 10:19:40,1658.25,1658.5,1657.25,21493,1657.75
09/06/2013 10:25:12,1657.75,1658.5,1657.5,21498,1658.25
09/06/2013 10:30:02,1658.25,1659.5,1658,21501,1659.5
09/06/2013 10:34:47,1659.5,1660,1658.25,21391,1660
09/06/2013 10:38:30,1660,1660.5,1659.5,21550,1659.75
09/06/2013 10:42:30,1659.75,1660.5,1659,21495,1659.25
09/06/2013 10:50:39,1659.25,1659.75,1658.5,21483,1658.75
09/06/2013 11:00:28,1658.75,1659.75,1658,21479,1659
09/06/2013 11:07:58,1659,1660.25,1658.5,21484,1659
09/06/2013 11:19:04,1659,1660.5,1658.75,21487,1660.25
09/06/2013 11:31:53,1660.25,1660.5,1658.75,21477,1659.25
09/06/2013 11:39:50,1659.25,1659.5,1657,21483,1657
09/06/2013 11:46:01,1657,1657.75,1656,21514,1657.25
09/06/2013 12:00:11,1657.25,1658.25,1656.5,21518,1658
09/06/2013 12:07:18,1658,1659.75,1657.75,21488,1659.25
09/06/2013 12:20:18,1659.25,1660.75,1658.75,21474,1660.25
09/06/2013 12:33:47,1660.25,1660.25,1659,21465,1659.75
09/06/2013 12:46:53,1659.75,1660.75,1659.25,21477,1659.75
09/06/2013 12:49:53,1659.75,1662.25,1659.5,21463,1662
09/06/2013 12:53:34,1662,1663.25,1661.75,21432,1662.75
09/06/2013 13:02:14,1662.75,1662.75,1661.75,21451,1662.25
09/06/2013 13:08:16,1662.25,1664,1662,21436,1663.75
09/06/2013 13:15:46,1663.75,1664,1661.5,21442,1661.5
09/06/2013 13:31:19,1661.5,1662.5,1661.25,21434,1662.5
09/06/2013 13:42:02,1662.5,1663.25,1661.5,21448,1662
09/06/2013 13:52:38,1662,1662.25,1660.75,21439,1662
09/06/2013 14:01:16,1662,1662.5,1660,21480,1660.75
09/06/2013 14:07:44,1660.75,1661.5,1659.5,21427,1659.5
09/06/2013 14:09:12,1659.5,1660,1657.25,21531,1658.5
09/06/2013 14:12:20,1658.5,1659,1656.25,21501,1656.75
09/06/2013 14:15:27,1656.75,1658.25,1656.5,21487,1658.25
09/06/2013 14:20:28,1658.25,1659.25,1657.25,21518,1659.25
09/06/2013 14:26:10,1659.25,1659.5,1657.75,21485,1658
09/06/2013 14:35:43,1658,1658.75,1656.5,21506,1656.5
09/06/2013 14:40:40,1656.5,1657.75,1655.5,21512,1657.5
09/06/2013 14:47:21,1657.5,1658.5,1655.75,21510,1656
09/06/2013 14:49:57,1656,1656.5,1654.25,21535,1654.25
09/06/2013 14:55:13,1654.25,1656.25,1654.25,21534,1655.5
09/06/2013 14:57:00,1655.5,1655.5,1653.5,21206,1653.75
09/06/2013 14:58:16,1653.75,1654.25,1653,21894,1653.25
09/06/2013 14:59:49,1653.25,1653.75,1652.75,21439,1653.5
09/06/2013 15:00:06,1653.5,1654.5,1653.5,21669,1654.25
09/06/2013 15:01:11,1654.25,1654.25,1653.25,21550,1653.5
09/06/2013 15:06:12,1653.5,1653.75,1652.5,21567,1653.75
09/06/2013 15:14:51,1653.75,1654.25,1653,21548,1653.75
09/08/2013 18:48:04,1653.75,1658,1652,21544,1656.25
09/09/2013 1:02:18,1656.25,1659.25,1654.75,21516,1658.75
09/09/2013 2:45:34,1658.75,1659.25,1656.5,21501,1656.75
09/09/2013 4:00:04,1656.75,1659.75,1656.75,21487,1659.5
09/09/2013 5:35:11,1659.5,1659.5,1656.5,21509,1658.5
09/09/2013 6:43:09,1658.5,1659,1656,21506,1657.75
09/09/2013 7:58:45,1657.75,1658.25,1656.5,21508,1658
09/09/2013 8:30:20,1658,1659.5,1657.75,21478,1659.25
09/09/2013 8:31:29,1659.25,1661.75,1659.25,21476,1661
09/09/2013 8:35:34,1661,1661.75,1660,21463,1661.5
09/09/2013 8:39:10,1661.5,1662.25,1660.75,21453,1661.5
09/09/2013 8:44:39,1661.5,1661.75,1660,21460,1660.75
09/09/2013 8:48:12,1660.75,1662.5,1660.75,21446,1662
09/09/2013 8:52:04,1662,1663.25,1661.25,21430,1663.25
09/09/2013 8:55:20,1663.25,1664.25,1663,21441,1664.25
09/09/2013 8:59:17,1664.25,1664.75,1663.75,21418,1663.75
09/09/2013 9:02:21,1663.75,1665.25,1663.5,21413,1664.25
09/09/2013 9:05:59,1664.25,1664.75,1662.5,21426,1662.75
09/09/2013 9:10:07,1662.75,1663.25,1661.75,21435,1662
09/09/2013 9:16:11,1662,1662.5,1661,21452,1662
09/09/2013 9:21:20,1662,1663.25,1661.5,21446,1662.5
09/09/2013 9:29:45,1662.5,1662.75,1661,21439,1661.25
09/09/2013 9:36:17,1661.25,1662.25,1660.25,21466,1662
09/09/2013 9:44:01,1662,1663,1661.25,21444,1662.75
09/09/2013 9:53:51,1662.75,1663,1661.5,21437,1662
09/09/2013 10:02:18,1662.25,1662.5,1660.75,21455,1662
09/09/2013 10:08:49,1662,1663,1661.25,21444,1662.25
09/09/2013 10:15:57,1662.25,1663.25,1662,21441,1662.25
09/09/2013 10:24:37,1662.25,1662.25,1661,21451,1661.25
09/09/2013 10:31:11,1661.25,1662.5,1661.25,21400,1662.25
09/09/2013 10:36:15,1662.25,1663,1661.75,21488,1662.25
09/09/2013 10:41:24,1662.25,1664.25,1662,21431,1664
09/09/2013 10:49:31,1664,1664.5,1663.5,21423,1664
09/09/2013 10:57:52,1664,1664.75,1663.5,21418,1664
09/09/2013 11:05:31,1664,1665,1663.5,21393,1664.75
09/09/2013 11:12:55,1664.75,1666,1664.25,21433,1665.75
09/09/2013 11:15:53,1665.75,1667,1665.75,21370,1666.75
09/09/2013 11:29:57,1666.75,1667,1665.75,21411,1666.5
09/09/2013 11:37:24,1666.5,1666.75,1665,21387,1665.25
09/09/2013 11:49:02,1665.25,1666,1665.25,21406,1665.75
09/09/2013 12:07:43,1665.75,1666.75,1665.25,21404,1665.75
09/09/2013 12:24:00,1665.75,1666.5,1665.25,21397,1666
09/09/2013 12:38:20,1666,1667,1665.5,21392,1666.5
09/09/2013 12:48:08,1666.5,1667.75,1665.75,21386,1667
09/09/2013 13:00:08,1667,1668.5,1666.75,21371,1668.5
09/09/2013 13:04:17,1668.5,1669.75,1668.25,21351,1669.25
09/09/2013 13:16:05,1669.25,1669.75,1668.75,21364,1669.5
09/09/2013 13:19:31,1669.5,1671,1669.5,21340,1671
09/09/2013 13:22:07,1671,1671.75,1670.75,21327,1671
09/09/2013 13:26:18,1671,1671.25,1670.5,21047,1670.75
09/09/2013 13:36:10,1670.75,1671,1670.25,21622,1670.25
09/09/2013 13:44:58,1670.25,1670.5,1669.5,21337,1670.25
09/09/2013 13:57:09,1670.25,1670.5,1669.75,21350,1670.25
09/09/2013 14:09:06,1670.25,1670.5,1669,21344,1670
09/09/2013 14:17:52,1670,1671,1669.75,21335,1671
09/09/2013 14:25:04,1671,1671.5,1669.25,21333,1669.5
09/09/2013 14:35:17,1669.5,1670.75,1669,21355,1670
09/09/2013 14:43:10,1670,1670.25,1669,21352,1669
09/09/2013 14:51:46,1669,1670.25,1668.75,21348,1670
09/09/2013 14:57:33,1670,1670.5,1669.5,21344,1670
09/09/2013 14:59:39,1670.25,1670.75,1670,21270,1670.25
09/09/2013 15:00:01,1670.25,1670.75,1670,21396,1670.5
09/09/2013 15:00:56,1670.5,1671,1670.25,21337,1670.75
09/09/2013 15:04:39,1670.75,1671.25,1670.75,21315,1670.75
09/09/2013 15:11:15,1670.75,1671,1669.5,21261,1669.5
09/09/2013 15:14:35,1669.5,1669.75,1668.25,21462,1669
09/09/2013 17:40:08,1669,1672.25,1669,21327,1672
09/09/2013 22:53:46,1672,1672.25,1669,21349,1670
09/10/2013 2:00:46,1670,1673.5,1669.5,21322,1672.75
09/10/2013 2:45:12,1672.75,1675.25,1671.5,21299,1675.25
09/10/2013 3:07:36,1675.25,1677.25,1675.25,21266,1676.25
09/10/2013 4:21:06,1676.5,1677.75,1675.75,21255,1676
09/10/2013 5:46:38,1676,1678.5,1675.75,21254,1678
09/10/2013 6:18:23,1678,1679,1677,21241,1679
09/10/2013 6:36:53,1679,1680.5,1678,21229,1680.5
09/10/2013 6:54:39,1680.5,1681.25,1679.5,21211,1680
09/10/2013 7:27:28,1680,1680.75,1679.25,21217,1679.75
09/10/2013 7:53:57,1679.75,1680.75,1678.75,21212,1679.25
09/10/2013 8:11:34,1679.25,1680,1678.5,21234,1679.25
09/10/2013 8:30:00,1679.25,1680.75,1679,21219,1680.5
09/10/2013 8:32:03,1680.25,1680.75,1679.25,21197,1679.5
09/10/2013 8:35:13,1679.5,1680,1678.75,21238,1679
09/10/2013 8:37:24,1679,1679.25,1676.75,21251,1677.25
09/10/2013 8:40:51,1677.25,1678.25,1677,21242,1677.5
09/10/2013 8:44:24,1677.5,1678.75,1677.25,21247,1677.25
09/10/2013 8:49:14,1677.25,1679.25,1677.25,21228,1678.75
09/10/2013 8:52:54,1678.75,1680.25,1678.5,21218,1679.75
09/10/2013 8:55:18,1679.75,1681.25,1679.25,21228,1680.75
09/10/2013 8:59:14,1680.75,1681,1679.25,21206,1679.5
09/10/2013 9:04:04,1679.5,1680.5,1679,21224,1680.25
09/10/2013 9:06:41,1680.25,1681.75,1679.5,21210,1681.75
09/10/2013 9:10:13,1681.75,1681.75,1680,21210,1680
09/10/2013 9:14:21,1680,1681,1679.75,21209,1680.75
09/10/2013 9:17:02,1680.75,1682,1679.25,21210,1679.75
09/10/2013 9:21:25,1679.75,1680.5,1679,21217,1680
09/10/2013 9:27:18,1680,1681.25,1680,21212,1681
09/10/2013 9:33:09,1681,1682.25,1680.75,21187,1682
09/10/2013 9:39:15,1682,1682,1680.75,21202,1681.5
09/10/2013 9:44:34,1681.5,1682.5,1681.25,21182,1682.5
09/10/2013 9:48:39,1682.5,1682.75,1681.25,21198,1681.75
09/10/2013 9:54:07,1681.75,1682.75,1681.75,21190,1682.5
09/10/2013 9:59:54,1682.5,1683,1681.5,21191,1681.5
09/10/2013 10:03:56,1681.5,1682.25,1681.25,21196,1681.75
09/10/2013 10:08:30,1681.75,1682,1681,21200,1681.75
09/10/2013 10:17:18,1681.75,1682,1680.75,21095,1681.25
09/10/2013 10:24:55,1681.25,1681.5,1680.75,21307,1681.5
09/10/2013 10:29:57,1681.5,1681.75,1681,21177,1681.25
09/10/2013 10:34:05,1681.25,1681.25,1679.75,21209,1679.75
09/10/2013 10:40:11,1679.75,1680.5,1679.25,21240,1679.5
09/10/2013 10:44:38,1679.5,1679.75,1678,21232,1678
09/10/2013 10:47:58,1678,1678.25,1676.75,21238,1677.75
09/10/2013 10:54:23,1677.75,1679,1677.5,21202,1678.75
09/10/2013 10:59:55,1678.75,1679,1678,21282,1678.5
09/10/2013 11:07:57,1678.5,1679.75,1678.5,21218,1679.5
09/10/2013 11:17:37,1679.5,1680,1679.25,21227,1679.5
09/10/2013 11:27:18,1679.5,1680,1679,21226,1679.75
09/10/2013 11:38:01,1680,1680.25,1678.75,21225,1679.75
09/10/2013 11:53:28,1679.75,1680,1678.5,21217,1680
09/10/2013 12:04:13,1680,1681.25,1679.75,21216,1680.25
09/10/2013 12:10:43,1680.25,1680.75,1679.75,21214,1680.25
09/10/2013 12:19:39,1680.25,1681.25,1679,21215,1681
09/10/2013 12:23:00,1681,1681.75,1680.25,21166,1681.25
09/10/2013 12:27:37,1681.25,1682,1681,21244,1681.5
09/10/2013 12:32:50,1681.5,1682,1680.75,21165,1681.25
09/10/2013 12:39:50,1681.25,1681.5,1680.25,21220,1681
09/10/2013 12:47:31,1681,1681.5,1680.75,21212,1681
09/10/2013 12:58:21,1681,1681.75,1680.5,21212,1681.25
09/10/2013 13:07:54,1681.25,1681.75,1680.75,21005,1680.75
09/10/2013 13:12:25,1680.75,1682,1680.25,21394,1681.5
09/10/2013 13:21:40,1681.5,1681.75,1680.25,21206,1681
09/10/2013 13:32:57,1681,1681.5,1679.5,21211,1679.5
09/10/2013 13:41:08,1679.5,1680.5,1679.25,21222,1680.25
09/10/2013 13:51:04,1680.25,1681,1680,21207,1680.5
09/10/2013 13:59:31,1680.5,1682,1680,21210,1681.75
09/10/2013 14:05:33,1681.75,1682,1681.25,21198,1681.75
09/10/2013 14:12:22,1681.75,1682.5,1681,21196,1681.5
09/10/2013 14:19:47,1681.5,1682,1680.5,21194,1681.5
09/10/2013 14:27:38,1681.5,1682.5,1681.25,21201,1682.25
09/10/2013 14:34:10,1682.25,1682.75,1681.75,21153,1682.5
09/10/2013 14:41:06,1682.5,1682.75,1681.5,21226,1681.5
09/10/2013 14:47:19,1681.5,1682.25,1680.25,21199,1681.25
09/10/2013 14:52:54,1681.5,1682.5,1681,21193,1681.25
09/10/2013 14:58:03,1681.25,1682,1681,21199,1681.75
09/10/2013 14:59:45,1681.75,1683.25,1681.75,21150,1683
09/10/2013 15:00:00,1683,1683.25,1682.75,21213,1683
09/10/2013 15:00:36,1683,1683.25,1682,21170,1682.25
09/10/2013 15:03:13,1682.25,1683,1682.25,21185,1682.5
09/10/2013 15:08:30,1682.5,1683,1682.25,21137,1682.25
09/10/2013 15:31:21,1682.25,1682.75,1681.75,21249,1682.5
09/10/2013 20:06:43,1682.5,1683,1680.25,21193,1680.75
09/10/2013 21:32:10,1680.75,1684,1679.75,21197,1681.5
09/11/2013 2:10:43,1681.5,1682.75,1679.75,21208,1680.5
09/11/2013 3:24:29,1680.5,1682.5,1679.75,21199,1681.5
09/11/2013 5:01:22,1681.5,1683.5,1680.5,21188,1681
09/11/2013 6:33:21,1681,1683,1680.75,21198,1681.5
09/11/2013 7:17:06,1681.5,1682.75,1679.75,21195,1681.5
09/11/2013 8:10:14,1681.5,1681.5,1680.25,21212,1680.75
09/11/2013 8:30:02,1680.75,1681.25,1679.25,21215,1681
09/11/2013 8:31:11,1681,1682,1680.5,21199,1681.5
09/11/2013 8:33:57,1681.5,1682,1680,21198,1680
09/11/2013 8:36:34,1680,1682.25,1679.75,21185,1682.25
09/11/2013 8:38:59,1682.25,1682.75,1680.75,21215,1682
09/11/2013 8:42:26,1682,1682.75,1681.5,21189,1682.25
09/11/2013 8:48:08,1682.25,1682.75,1681.25,21194,1682
09/11/2013 8:53:37,1682,1682.25,1680.5,21181,1680.75
09/11/2013 8:57:20,1680.75,1681.25,1678.75,21214,1679
09/11/2013 9:01:50,1679,1680.5,1678.5,21168,1680.5
09/11/2013 9:05:12,1680.5,1681,1680,21269,1680.5
09/11/2013 9:09:17,1680.5,1681.5,1680,21185,1680
09/11/2013 9:12:30,1680,1680.25,1679.25,21250,1679.75
09/11/2013 9:15:45,1679.75,1681,1679,21225,1679
09/11/2013 9:19:07,1679,1680.25,1678.5,21169,1679
09/11/2013 9:22:28,1679,1679.5,1677.75,21294,1678.5
09/11/2013 9:28:28,1678.5,1679,1678,21239,1678.5
09/11/2013 9:34:27,1678.5,1679.25,1677.75,21037,1679
09/11/2013 9:37:43,1679,1680,1679,21418,1679.25
09/11/2013 9:46:33,1679.25,1680,1678.75,21217,1679
09/11/2013 9:54:02,1679,1679.75,1678.25,21240,1679.75
09/11/2013 10:00:25,1679.75,1680.75,1679,21180,1680.5
09/11/2013 10:06:34,1680.5,1680.75,1680,21252,1680.25
09/11/2013 10:11:27,1680.25,1681.75,1680.25,21186,1681.5
09/11/2013 10:17:19,1681.5,1682.25,1681.25,21211,1681.5
09/11/2013 10:23:53,1681.5,1682.25,1681,21196,1681.75
09/11/2013 10:29:38,1681.75,1682.25,1681.5,21196,1681.75
09/11/2013 10:32:28,1681.75,1683.5,1681.5,21173,1683.5
09/11/2013 10:34:10,1683.5,1684.5,1683.25,21165,1683.75
09/11/2013 10:37:40,1683.75,1685.25,1683.5,21174,1685.25
09/11/2013 10:40:45,1685.25,1685.75,1684.5,21141,1684.5
09/11/2013 10:49:34,1684.5,1685,1684.25,21127,1684.5
09/11/2013 10:56:42,1684.5,1684.75,1684,21206,1684.5
09/11/2013 11:02:24,1684.5,1684.75,1683.5,21159,1683.5
09/11/2013 11:08:57,1683.5,1684.5,1683.5,21104,1684.5
09/11/2013 11:15:12,1684.5,1685.25,1684,21192,1684.75
09/11/2013 11:19:31,1684.75,1685.5,1684.75,21184,1685
09/11/2013 11:26:26,1685,1685.25,1684.5,21144,1684.5
09/11/2013 11:30:03,1684.5,1686.25,1684.25,21167,1686
09/11/2013 11:39:15,1686,1686,1684.75,21124,1685.25
09/11/2013 11:48:53,1685.25,1685.75,1684.5,21113,1685
09/11/2013 11:57:27,1685,1686,1685,21212,1685.75
09/11/2013 12:08:15,1685.75,1686.25,1684.75,21148,1685
09/11/2013 12:14:56,1685,1685.5,1684.75,21151,1685.25
09/11/2013 12:25:36,1685.25,1685.75,1684.75,21148,1685
09/11/2013 12:33:36,1685,1686.75,1685,21143,1686.5
09/11/2013 12:39:53,1686.5,1687.5,1686.25,21131,1686.75
09/11/2013 12:49:55,1686.75,1687.5,1686.5,21127,1687.25
09/11/2013 13:00:29,1687.25,1687.25,1686.5,21130,1687
09/11/2013 13:12:55,1687,1687.75,1686.25,21084,1686.5
09/11/2013 13:21:30,1686.5,1686.75,1685.75,21177,1686
09/11/2013 13:29:52,1686,1686.75,1685.5,21075,1686.5
09/11/2013 13:41:14,1686.5,1686.75,1686,21209,1686.25
09/11/2013 13:53:34,1686.25,1687,1685.75,21130,1686
09/11/2013 14:01:40,1686,1686.25,1685,21148,1686
09/11/2013 14:09:54,1686,1686,1685,21149,1685.25
09/11/2013 14:17:47,1685.25,1685.75,1684.5,21145,1684.75
09/11/2013 14:29:10,1684.75,1685.5,1684.5,21153,1685.5
09/11/2013 14:37:51,1685.5,1685.5,1684.25,21158,1685
09/11/2013 14:45:23,1685,1686,1684.75,21129,1685.5
09/11/2013 14:52:47,1685.5,1685.75,1684.5,21175,1685.25
09/11/2013 14:58:30,1685.25,1687,1684.75,21128,1686.75
09/11/2013 14:59:55,1686.75,1687.75,1686.75,21115,1687.5
09/11/2013 15:00:17,1687.75,1688.5,1687.5,21132,1688.25
09/11/2013 15:03:12,1688,1688.5,1687.5,21112,1688.5
09/11/2013 15:12:02,1688.5,1688.5,1687.75,21119,1688.25
09/11/2013 16:05:50,1688.25,1690,1688.25,21107,1690
09/11/2013 20:22:53,1690,1690.5,1687.5,21105,1689.25
09/12/2013 1:42:52,1689.5,1690,1687,21115,1687
09/12/2013 3:16:38,1687,1688.25,1686.75,21122,1687.25
09/12/2013 4:38:18,1687.5,1687.5,1685.25,21096,1686.75
09/12/2013 6:11:48,1686.75,1687.75,1685.25,21173,1687.25
09/12/2013 6:59:53,1687.25,1689.5,1686.75,21114,1689.25
09/12/2013 7:38:19,1689.25,1689.5,1687,21110,1688.25
09/12/2013 8:26:13,1688.25,1689,1687,21116,1687.25
09/12/2013 8:31:38,1687.25,1689,1687,21119,1687.75
09/12/2013 8:36:23,1687.75,1688.25,1686.75,21122,1686.75
09/12/2013 8:39:05,1686.75,1687,1685.5,21122,1686.25
09/12/2013 8:42:13,1686.25,1686.75,1685,21162,1685.25
09/12/2013 8:47:36,1685.25,1687.25,1685.25,21136,1687.25
09/12/2013 8:52:14,1687.25,1687.5,1686.25,21123,1686.75
09/12/2013 8:58:24,1686.75,1688.25,1686.25,21130,1688
09/12/2013 9:07:34,1688,1688.75,1687,21119,1688
09/12/2013 9:19:35,1688,1688.75,1687,21121,1687.5
09/12/2013 9:30:47,1687.5,1689.75,1687.25,21103,1689.5
09/12/2013 9:43:39,1689.75,1690,1688.75,21092,1689.25
09/12/2013 9:57:23,1689.25,1689.5,1688.5,21118,1688.5
09/12/2013 10:08:42,1688.5,1688.75,1687.5,21109,1687.75
09/12/2013 10:17:39,1687.75,1688,1685.75,21136,1686
09/12/2013 10:26:02,1686,1687.25,1685.25,21087,1686.5
09/12/2013 10:33:59,1686.5,1687.5,1685.25,21186,1685.5
09/12/2013 10:39:43,1685.5,1686.25,1684.25,21147,1684.5
09/12/2013 10:52:40,1684.5,1685.5,1684.25,21163,1685
09/12/2013 11:04:25,1685,1686.25,1684,21151,1684.5
09/12/2013 11:12:01,1684.5,1685,1683.75,21159,1683.75
09/12/2013 11:22:15,1683.75,1684,1682.5,21173,1682.5
09/12/2013 11:30:03,1682.5,1683,1681.75,21195,1683
09/12/2013 11:45:01,1683,1684.5,1682.75,21164,1684
09/12/2013 12:09:48,1684,1685.25,1683.25,21170,1685.25
09/12/2013 12:22:18,1685.25,1687.5,1685,21134,1686.75
09/12/2013 12:47:32,1686.75,1687.25,1685.5,21140,1686.5
09/12/2013 13:13:00,1686.5,1686.75,1685.5,21128,1685.75
09/12/2013 13:27:16,1685.75,1686.75,1685,21156,1686
09/12/2013 13:45:53,1686,1686.25,1683.75,21155,1685
09/12/2013 13:59:43,1685,1686.75,1684.75,21070,1686
09/12/2013 14:09:34,1686,1686.75,1684,21225,1684
09/12/2013 14:18:29,1684,1684.5,1682.75,21158,1682.75
09/12/2013 14:26:19,1682.75,1684.25,1682.5,21159,1684
09/12/2013 14:38:04,1684.25,1684.25,1683.25,21200,1684
09/12/2013 14:49:07,1684,1684.25,1682,21153,1682.5
09/12/2013 14:56:02,1682.5,1682.75,1681.25,21211,1682.5
09/12/2013 14:59:53,1682.5,1683,1682,21147,1683
09/12/2013 15:00:01,1682.75,1685,1682.75,21201,1684.75
09/12/2013 15:01:39,1684.75,1685,1684.25,21156,1684.5
09/12/2013 15:10:18,1684.5,1685,1683.75,21172,1685
09/12/2013 19:55:21,1685,1685.75,1678,21166,1680.5
09/13/2013 1:51:01,1680.5,1680.5,1674,21254,1676.5
09/13/2013 3:24:55,1676.5,1679,1675.5,21254,1675.75
09/13/2013 6:41:26,1675.75,1678.25,1674.75,21259,1678
09/13/2013 7:33:47,1678,1680.5,1677.75,21225,1678.75
09/13/2013 8:29:59,1678.75,1679.75,1678,21228,1679
09/13/2013 8:34:06,1679.25,1680.25,1678,21203,1678.25
09/13/2013 8:38:01,1678.25,1679.5,1677.75,21251,1679.25
09/13/2013 8:42:22,1679.25,1680.5,1678.75,21219,1679
09/13/2013 8:49:07,1679,1680.25,1678.75,21237,1679.75
09/13/2013 8:55:37,1679.75,1682.25,1679,21030,1680
09/13/2013 8:59:38,1680,1680.75,1679,21389,1680.25
09/13/2013 9:05:10,1680.25,1680.5,1678,21176,1678
09/13/2013 9:10:58,1678,1678.5,1677,21302,1677.5
09/13/2013 9:16:50,1677.5,1677.75,1676,21259,1676.25
09/13/2013 9:24:36,1676.25,1677.25,1675.75,21252,1676.25
09/13/2013 9:30:39,1676.25,1677,1675,21280,1676.75
09/13/2013 9:37:59,1676.75,1677.75,1676.5,21253,1677.25
09/13/2013 9:44:24,1677.25,1679.5,1677.25,21238,1679
09/13/2013 9:55:01,1679,1679.25,1678,21234,1679.25
09/13/2013 10:02:03,1679.25,1679.75,1678.5,21207,1678.75
09/13/2013 10:18:14,1678.75,1680,1678.5,21249,1679.75
09/13/2013 10:28:10,1679.75,1681.5,1679.25,21169,1680.5
09/13/2013 10:41:38,1680.5,1681.25,1680,21250,1680.25
09/13/2013 11:13:01,1680.25,1681.25,1680,21194,1680.5
09/13/2013 11:42:01,1680.5,1681.75,1679.5,21224,1679.75
09/13/2013 12:14:17,1679.75,1681,1679.25,21217,1680.75
09/13/2013 13:01:53,1680.75,1681.75,1680,21199,1681.5
09/13/2013 13:27:00,1681.5,1682,1680.5,21199,1680.75
09/13/2013 14:08:32,1680.75,1681.25,1680,21210,1680.25
09/13/2013 14:35:16,1680.25,1681,1679.5,21219,1680.5
09/13/2013 14:53:28,1680.5,1680.75,1678.75,21143,1679
09/13/2013 14:59:06,1679,1681,1678.75,21218,1680.75
09/13/2013 14:59:58,1680.75,1681.5,1680.25,21272,1681.25
09/13/2013 15:01:26,1681.25,1681.5,1680.25,21170,1680.75
09/13/2013 15:13:37,1680.75,1682.25,1680.75,21232,1682
09/15/2013 17:00:24,1682,1696.25,1681.75,21121,1696
09/15/2013 17:10:29,1696,1701.5,1695.25,20934,1698.25
09/15/2013 17:42:15,1698.5,1702.5,1698.25,20970,1702
09/15/2013 18:47:07,1702,1703.75,1700.25,20980,1700.5
09/15/2013 22:27:06,1700.25,1701,1699,20993,1700.25
09/16/2013 2:00:11,1700.25,1701,1698.5,20981,1699.25
09/16/2013 2:37:51,1699.25,1699.25,1697.5,20990,1698.25
09/16/2013 3:24:51,1698.25,1702.5,1698.25,20927,1701.75
09/16/2013 5:10:18,1702,1702.5,1699.75,20984,1700.75
09/16/2013 6:41:26,1700.75,1701,1699,20943,1699.75
09/16/2013 7:45:32,1699.75,1700,1698,20979,1698
09/16/2013 8:15:43,1698,1699.5,1697.5,20973,1699
09/16/2013 8:30:30,1699,1700,1699,21013,1699.75
09/16/2013 8:32:36,1699.75,1700.5,1698,20969,1698.25
09/16/2013 8:35:33,1698.25,1698.5,1697.25,20969,1697.5
09/16/2013 8:37:35,1697.5,1697.5,1696,21039,1696
09/16/2013 8:40:29,1696,1696.75,1695.5,20999,1696
09/16/2013 8:42:05,1696,1696.25,1694.5,21030,1694.75
09/16/2013 8:44:58,1694.75,1695.75,1694.25,21027,1694.25
09/16/2013 8:48:55,1694.25,1695,1694,21033,1695
09/16/2013 8:52:06,1695,1696,1694.75,21030,1695
09/16/2013 8:56:44,1695,1695.5,1693.5,21008,1693.75
09/16/2013 9:01:32,1693.75,1695.25,1693.5,21055,1694.5
09/16/2013 9:03:07,1694.5,1695.25,1692,21066,1692.5
09/16/2013 9:05:33,1692.5,1693.75,1691.75,21044,1693
09/16/2013 9:09:22,1693,1694.25,1692.75,21052,1694
09/16/2013 9:16:06,1694,1695.5,1693.25,21017,1695
09/16/2013 9:22:43,1695,1695.75,1694.75,21050,1695.25
09/16/2013 9:31:01,1695.25,1696,1694.5,21028,1695
09/16/2013 9:36:32,1695,1696.75,1695,21012,1695.25
09/16/2013 9:42:29,1695.5,1696.25,1695,20979,1695.5
09/16/2013 9:52:28,1695.5,1696,1694.5,21057,1695.5
09/16/2013 10:00:29,1695.5,1695.75,1693.75,21047,1694.5
09/16/2013 10:05:32,1694.5,1695,1693.75,21043,1694.5
09/16/2013 10:17:29,1694.5,1695.5,1694.25,20941,1695
09/16/2013 10:30:32,1695.25,1696.25,1694.5,21079,1696.25
09/16/2013 10:41:41,1696.25,1697,1695.75,21045,1696.75
09/16/2013 10:59:56,1696.75,1697.25,1696.25,21008,1697
09/16/2013 11:11:17,1697,1697.5,1696.5,21002,1697.25
09/16/2013 11:17:33,1697.25,1698.5,1697,20998,1698.25
09/16/2013 11:32:20,1698.25,1698.5,1696.5,20998,1696.75
09/16/2013 11:53:38,1696.75,1697.5,1696.25,21004,1696.5
09/16/2013 12:07:55,1696.5,1696.75,1695,21008,1695.5
09/16/2013 12:32:11,1695.5,1695.5,1694.25,21036,1694.75
09/16/2013 12:42:01,1694.75,1695,1692.5,21057,1692.75
09/16/2013 12:43:30,1692.75,1693,1690,21075,1690.25
09/16/2013 12:52:38,1690.25,1692.5,1690.25,21069,1692
09/16/2013 13:03:36,1692,1693.25,1691.75,21062,1692.75
09/16/2013 13:18:14,1692.75,1693,1691.25,21059,1692.75
09/16/2013 13:31:11,1692.75,1693.25,1691,21069,1691.5
09/16/2013 13:36:03,1691.5,1692,1690,21079,1690.75
09/16/2013 13:42:11,1690.75,1691,1689.25,21099,1689.75
09/16/2013 13:50:54,1689.75,1691.25,1689,21089,1690.75
09/16/2013 14:05:14,1690.75,1691.5,1689.75,21084,1690.75
09/16/2013 14:14:54,1691,1692.5,1690.25,21072,1692
09/16/2013 14:27:22,1692,1692.25,1690.5,21073,1690.75
09/16/2013 14:34:22,1690.75,1691,1688.75,21092,1690.25
09/16/2013 14:39:06,1690.25,1690.5,1688.25,21100,1689.25
09/16/2013 14:43:52,1689.25,1690.5,1688,21073,1688
09/16/2013 14:50:19,1688,1689.75,1688,21132,1689.5
09/16/2013 14:55:52,1689.5,1690.5,1689.25,21095,1690
09/16/2013 14:59:14,1690,1691,1689.5,21083,1690.75
09/16/2013 15:00:05,1690.75,1691.5,1690,21046,1691
09/16/2013 15:03:42,1691,1691.25,1690,21117,1690.25
09/16/2013 15:11:32,1690.25,1691.5,1689.5,20947,1691.5
09/16/2013 17:01:55,1691.25,1692.25,1688.75,21226,1689.75
09/17/2013 0:22:26,1690,1690.75,1688,21097,1689
09/17/2013 2:56:59,1689,1691.25,1688,21097,1688.25
09/17/2013 4:33:51,1688.25,1690.5,1687.75,21103,1688.25
09/17/2013 6:20:32,1688.25,1689.75,1688,21105,1689.5
09/17/2013 7:10:12,1689.5,1691.5,1689.25,21078,1691.25
09/17/2013 7:43:59,1691.25,1692.75,1690.75,21062,1692
09/17/2013 8:07:11,1692,1693.25,1691.5,21070,1692.25
09/17/2013 8:30:05,1692.25,1692.75,1691.75,20818,1692.75
09/17/2013 8:32:28,1692.5,1694,1692.25,21302,1693.75
09/17/2013 8:36:18,1693.75,1694.5,1693.25,21036,1694
09/17/2013 8:41:06,1694,1694.5,1693.5,21047,1694.25
09/17/2013 8:45:45,1694.5,1695.25,1694,21034,1694.75
09/17/2013 8:50:28,1694.75,1695.5,1694.25,21018,1695.5
09/17/2013 8:53:57,1695.5,1696.5,1695.25,21024,1696.25
09/17/2013 9:01:28,1696.25,1696.5,1694.75,21028,1695.25
09/17/2013 9:07:53,1695.25,1696.25,1695,21025,1696.25
09/17/2013 9:12:58,1696.25,1696.5,1695.5,21004,1696.25
09/17/2013 9:20:52,1696.25,1697.25,1696,21009,1697
09/17/2013 9:31:47,1697,1697.25,1696.25,21017,1697
09/17/2013 9:41:09,1697,1697.75,1696.25,20957,1696.25
09/17/2013 9:51:02,1696.25,1697,1695.75,21054,1696
09/17/2013 10:02:33,1696,1696.75,1695.5,21022,1696
09/17/2013 10:16:08,1696.25,1697,1695.5,21010,1695.75
09/17/2013 10:31:23,1695.75,1697.25,1695.75,21007,1697
09/17/2013 10:47:21,1697,1697,1695.5,21013,1696.25
09/17/2013 11:14:48,1696.25,1696.75,1695.5,21001,1696
09/17/2013 11:48:55,1696,1697,1695.75,21028,1696.75
09/17/2013 12:03:32,1696.75,1698.5,1696.5,21000,1698.5
09/17/2013 12:20:06,1698.5,1698.5,1697,20994,1697
09/17/2013 12:55:57,1697,1698.25,1697,20998,1698
09/17/2013 13:18:57,1698,1698.75,1697.5,20990,1697.5
09/17/2013 13:37:37,1697.5,1698.5,1697.25,20992,1698.25
09/17/2013 14:00:43,1698.25,1698.5,1697.5,20991,1697.75
09/17/2013 14:22:26,1697.75,1698.25,1697.5,20943,1698.25
09/17/2013 14:32:42,1698.25,1698.25,1697.25,21046,1697.25
09/17/2013 14:42:56,1697.25,1697.5,1696.5,20984,1697
09/17/2013 14:51:38,1697,1698,1696.75,20570,1697.25
09/17/2013 14:58:28,1697.25,1697.75,1697,21449,1697.75
09/17/2013 14:59:59,1697.75,1698.25,1697.5,20944,1698
09/17/2013 15:01:51,1698,1698.5,1697.5,21036,1698
09/17/2013 15:11:38,1698,1698.25,1697.5,20908,1697.75
09/17/2013 15:38:32,1698,1699.5,1697.75,21076,1699
09/17/2013 21:18:54,1699,1700.75,1698.25,20970,1700.75
09/18/2013 2:24:20,1700.75,1701,1698.25,20965,1698.75
09/18/2013 3:59:13,1698.75,1700.75,1698,20985,1700.75
09/18/2013 5:14:54,1700.75,1701.75,1699.75,20956,1700.5
09/18/2013 6:56:30,1700.25,1700.75,1699.25,20973,1699.25
09/18/2013 7:28:58,1699.25,1700.25,1698.75,20968,1698.75
09/18/2013 8:12:02,1698.75,1699.5,1697.75,20988,1697.75
09/18/2013 8:30:06,1697.75,1698.5,1697.25,20983,1697.75
09/18/2013 8:33:14,1697.75,1698.75,1697,21001,1697.25
09/18/2013 8:38:15,1697.25,1698.75,1697,20986,1698.5
09/18/2013 8:43:59,1698.5,1698.5,1697,21000,1698
09/18/2013 8:51:47,1698,1698.75,1697.25,20993,1698.25
09/18/2013 8:59:34,1698.25,1699,1697.5,20988,1698
09/18/2013 9:05:58,1698,1698.75,1697.25,20986,1698.75
09/18/2013 9:14:32,1698.75,1699.25,1698.25,20987,1698.5
09/18/2013 9:23:31,1698.5,1698.75,1697,20995,1697
09/18/2013 9:28:30,1697,1697.25,1695.5,21007,1695.75
09/18/2013 9:34:49,1695.75,1696.25,1695,21005,1695.75
09/18/2013 9:42:19,1695.75,1696.5,1695,21037,1696
09/18/2013 9:50:03,1696,1696,1694.5,21026,1695.25
09/18/2013 10:01:40,1695.25,1696.25,1695,20883,1696
09/18/2013 10:16:15,1696,1696.5,1695.5,21157,1695.5
09/18/2013 10:31:45,1695.5,1696,1695,21020,1695.75
09/18/2013 10:43:18,1695.75,1696.25,1694.5,21017,1694.75
09/18/2013 10:52:13,1694.75,1695.5,1694,21037,1695
09/18/2013 11:03:27,1695,1695.5,1693.75,21040,1694
09/18/2013 11:18:02,1694,1694.75,1693.5,21039,1694
09/18/2013 11:26:11,1694,1694.5,1693.25,21045,1693.75
09/18/2013 11:49:34,1693.75,1694.75,1693.5,21040,1694.5
09/18/2013 12:07:56,1694.5,1695.75,1694.5,21026,1695.25
09/18/2013 12:20:57,1695.25,1696.5,1695,21020,1696
09/18/2013 12:29:44,1696,1697.5,1696,21004,1696.75
09/18/2013 12:48:34,1696.75,1697.25,1695.5,21008,1696
09/18/2013 13:00:00,1696,1700,1695,21017,1700
09/18/2013 13:00:14,1700,1706.5,1698.5,20930,1706.25
09/18/2013 13:00:36,1706.25,1709.5,1705.25,20874,1709.25
09/18/2013 13:01:01,1709.25,1713,1708.75,20825,1711.75
09/18/2013 13:01:25,1711.75,1712,1710,20841,1710.75
09/18/2013 13:02:00,1710.75,1711,1708.75,20836,1710
09/18/2013 13:02:48,1710,1711.75,1710,20808,1711.75
09/18/2013 13:04:03,1711.5,1712,1706.5,20884,1706.75
09/18/2013 13:05:24,1706.75,1708.25,1706.25,20861,1706.5
09/18/2013 13:06:42,1706.5,1710,1706,20884,1709.75
09/18/2013 13:08:03,1709.75,1710.5,1708.5,20818,1709
09/18/2013 13:09:38,1709,1710,1707.75,20893,1709.75
09/18/2013 13:10:43,1709.75,1712,1709.5,20815,1712
09/18/2013 13:11:30,1712,1714,1711.5,20822,1713.25
09/18/2013 13:12:06,1713.25,1715.5,1713.25,20797,1714.75
09/18/2013 13:13:01,1714.75,1715.5,1713.5,20783,1713.75
09/18/2013 13:14:29,1714,1714,1712.75,20814,1713
09/18/2013 13:15:59,1713,1714.25,1711.75,20801,1714.25
09/18/2013 13:18:20,1714.25,1714.25,1712,20806,1712.5
09/18/2013 13:21:04,1712.5,1714,1712,20815,1714
09/18/2013 13:22:15,1714,1716,1713,20784,1715.75
09/18/2013 13:23:51,1715.75,1717,1715.25,20755,1716.5
09/18/2013 13:26:38,1716.5,1717,1715.5,20789,1715.75
09/18/2013 13:29:00,1715.75,1716.25,1713.75,20782,1714.25
09/18/2013 13:31:56,1714.25,1714.75,1712.75,20802,1713.75
09/18/2013 13:34:28,1713.75,1714.25,1712,20776,1713.25
09/18/2013 13:37:59,1713.25,1714.5,1713,20767,1713.25
09/18/2013 13:41:41,1713.25,1715.25,1712.5,20861,1714.25
09/18/2013 13:45:36,1714.25,1716,1714.25,20783,1715
09/18/2013 13:48:20,1715,1717.25,1714.75,20762,1716.5
09/18/2013 13:50:48,1716.5,1718.25,1715.25,20769,1717.75
09/18/2013 13:54:30,1717.75,1719.5,1717.5,20742,1719.5
09/18/2013 13:57:20,1719.5,1720,1718.5,20732,1719.75
09/18/2013 13:59:02,1719.75,1721.75,1719.75,20715,1721.75
09/18/2013 14:00:06,1721.75,1723,1721,20692,1723
09/18/2013 14:01:49,1723,1723.25,1721.25,20708,1721.75
09/18/2013 14:04:46,1721.75,1723,1721.5,20664,1722
09/18/2013 14:07:40,1722,1722.25,1720.25,20738,1721
09/18/2013 14:11:54,1721,1721.5,1719.75,20714,1720
09/18/2013 14:15:47,1720,1721,1719.25,20730,1719.25
09/18/2013 14:19:15,1719.5,1720,1718,20703,1718.25
09/18/2013 14:22:45,1718.25,1718.5,1717.5,20782,1717.75
09/18/2013 14:26:47,1717.75,1719,1717.75,20742,1718
09/18/2013 14:29:37,1718,1718.75,1716.75,20424,1717
09/18/2013 14:31:49,1717,1718.5,1716.75,21051,1717.5
09/18/2013 14:35:19,1717.5,1718,1716.75,20778,1717.75
09/18/2013 14:39:27,1717.75,1719.25,1717,20751,1719.25
09/18/2013 14:43:40,1719.25,1719.75,1718.75,20733,1719
09/18/2013 14:48:15,1719,1719.25,1718,20740,1718.5
09/18/2013 14:52:37,1718.5,1719.25,1717.75,20741,1717.75
09/18/2013 14:55:23,1717.75,1718,1716.25,20737,1717
09/18/2013 14:58:23,1717,1718.25,1716.75,20775,1718
09/18/2013 14:59:42,1718,1718.5,1717.75,20462,1718.5
09/18/2013 14:59:59,1718.5,1718.75,1718,21029,1718.5
09/18/2013 15:00:07,1718.5,1719.25,1718.25,20723,1718.75
09/18/2013 15:00:46,1718.75,1719,1717.5,20756,1717.75
09/18/2013 15:03:01,1717.75,1718.25,1717.25,20744,1717.75
09/18/2013 15:08:28,1717.75,1718.25,1717.5,20755,1717.75
09/18/2013 15:14:33,1717.75,1718.25,1717.25,20753,1718
09/18/2013 17:29:55,1718,1719.5,1717.5,20743,1718.75
09/18/2013 20:49:51,1718.75,1720.5,1718.25,20722,1719.25
09/19/2013 0:57:39,1719.25,1720.75,1718.75,20724,1720.5
09/19/2013 2:06:44,1720.5,1721.25,1719,20730,1720.75
09/19/2013 2:34:36,1720.75,1722.25,1720.5,20711,1722.25
09/19/2013 3:05:13,1722.25,1723.75,1721.75,20692,1723
09/19/2013 4:01:36,1723,1723.75,1722.25,20690,1723.5
09/19/2013 4:32:07,1723.5,1726,1723.25,20660,1725.75
09/19/2013 5:10:11,1725.75,1726.75,1725,20661,1725.5
09/19/2013 6:12:02,1725.5,1726.5,1724,20658,1724
09/19/2013 7:07:40,1724,1724.5,1721.75,20687,1722.75
09/19/2013 7:33:07,1722.5,1722.75,1721.25,20700,1721.75
09/19/2013 7:51:44,1721.75,1723,1721,20698,1721.5
09/19/2013 8:18:49,1721.5,1722.75,1721.25,20675,1722.25
09/19/2013 8:30:17,1722.25,1723.5,1722.25,20709,1723
09/19/2013 8:33:45,1723,1723.25,1722.5,20689,1723
09/19/2013 8:36:27,1723,1723.75,1722.75,20687,1723.25
09/19/2013 8:39:05,1723.25,1723.5,1721,20697,1721.25
09/19/2013 8:41:21,1721.25,1721.5,1720.25,20712,1720.75
09/19/2013 8:43:49,1720.75,1721.25,1719.5,20684,1719.5
09/19/2013 8:45:47,1719.5,1720.75,1719.25,20751,1720.5
09/19/2013 8:47:48,1720.5,1721,1719,20728,1719.75
09/19/2013 8:51:07,1719.75,1720,1718.75,20728,1718.75
09/19/2013 8:52:58,1718.75,1719.25,1718.25,20737,1719
09/19/2013 8:56:19,1719,1720.25,1718.75,20733,1720.25
09/19/2013 8:59:57,1720.25,1722.25,1720,20716,1721.75
09/19/2013 9:02:12,1721.75,1722.25,1720.5,20693,1721.75
09/19/2013 9:05:15,1721.75,1722.75,1721.25,20704,1722
09/19/2013 9:07:48,1722,1722,1720,20715,1720.5
09/19/2013 9:09:51,1720.5,1720.5,1718.75,20734,1719.75
09/19/2013 9:13:00,1719.75,1720.5,1719.25,20728,1720
09/19/2013 9:16:40,1720,1720,1718.5,20692,1718.5
09/19/2013 9:20:14,1718.75,1718.75,1717.75,20781,1718.5
09/19/2013 9:23:48,1718.5,1720.25,1718.5,20737,1720
09/19/2013 9:26:07,1720,1721,1720,20714,1720.5
09/19/2013 9:31:44,1720.5,1721,1719.5,20688,1719.5
09/19/2013 9:36:30,1719.5,1719.75,1718.25,20771,1718.5
09/19/2013 9:43:12,1718.5,1720.25,1718.25,20733,1720
09/19/2013 9:50:11,1720,1720.5,1719.25,20725,1719.5
09/19/2013 9:59:37,1719.5,1720,1718.75,20717,1719.75
09/19/2013 10:08:05,1719.75,1720,1718.75,20739,1718.75
09/19/2013 10:12:25,1718.75,1718.75,1717.5,20751,1717.75
09/19/2013 10:19:30,1718,1719,1717.5,20746,1719
09/19/2013 10:28:11,1719,1719.5,1718,20724,1718.5
09/19/2013 10:32:13,1718.5,1718.75,1717,20667,1717
09/19/2013 10:33:43,1717,1717.25,1716,20763,1716
09/19/2013 10:35:41,1716,1717,1715.5,20866,1717
09/19/2013 10:43:58,1717,1717.75,1716.5,20732,1717.25
09/19/2013 10:53:38,1717.25,1717.5,1716.25,20781,1716.75
09/19/2013 11:03:16,1716.75,1718,1716.25,20766,1717.75
09/19/2013 11:09:12,1717.75,1718.75,1717.5,20743,1718.5
09/19/2013 11:22:35,1718.5,1718.75,1717.5,20750,1717.75
09/19/2013 11:38:28,1717.75,1718.25,1717,20700,1717.5
09/19/2013 11:56:59,1717.5,1717.75,1716.5,20811,1716.75
09/19/2013 12:06:00,1716.75,1717,1715.5,20766,1715.75
09/19/2013 12:09:15,1715.75,1716,1714.5,20780,1714.75
09/19/2013 12:15:35,1714.75,1715.5,1714,20791,1715.25
09/19/2013 12:30:00,1715.25,1716.5,1715,20380,1715.75
09/19/2013 12:39:25,1715.75,1715.75,1714.5,21174,1715.5
09/19/2013 12:52:18,1715.5,1716,1714.5,20745,1714.5
09/19/2013 13:00:49,1714.5,1714.75,1713.5,20836,1713.75
09/19/2013 13:10:30,1713.75,1715,1713.25,20794,1715
09/19/2013 13:20:26,1715,1716.5,1714.75,20778,1716
09/19/2013 13:32:38,1716,1716.25,1714.25,20770,1714.25
09/19/2013 13:49:11,1714.25,1715.5,1713.75,20779,1715.25
09/19/2013 14:04:00,1715.5,1716.25,1714.75,20792,1716
09/19/2013 14:12:55,1716,1716.75,1715.75,20776,1716
09/19/2013 14:23:24,1716,1717.25,1715.75,20755,1717.25
09/19/2013 14:27:36,1717.25,1717.5,1716,20771,1716.25
09/19/2013 14:41:18,1716.25,1716.75,1715.75,20704,1716
09/19/2013 14:49:09,1716.25,1717,1715.75,20833,1715.75
09/19/2013 14:54:23,1715.75,1716.5,1715.25,20760,1715.25
09/19/2013 14:57:11,1715.25,1715.75,1714.75,20788,1715
09/19/2013 14:59:50,1714.75,1715.75,1714.5,20784,1715.25
09/19/2013 15:00:04,1715.25,1716,1715,20779,1715.5
09/19/2013 15:02:09,1715.5,1716,1715,20738,1715.75
09/19/2013 15:09:39,1715.75,1717,1715.5,20803,1717
09/19/2013 15:35:56,1717,1717.75,1716.5,20746,1717
09/19/2013 22:00:08,1717,1717.5,1714.25,20786,1715.5
09/20/2013 2:34:15,1715.5,1716.25,1714.5,20780,1715.75
09/20/2013 4:07:11,1715.75,1717.5,1715.25,20764,1716.5
09/20/2013 5:48:36,1716.5,1717.5,1716,20762,1717
09/20/2013 6:48:01,1717,1718.5,1717,20744,1717.5
09/20/2013 7:08:19,1717.25,1717.5,1714.5,20775,1715.25
09/20/2013 7:21:57,1715.25,1715.5,1713.75,20795,1714.25
09/20/2013 7:34:48,1714.5,1716,1714,20784,1715.5
09/20/2013 7:53:32,1715.5,1716,1714,20786,1715.75
09/20/2013 8:14:47,1715.75,1717,1715.25,20630,1716.75
09/20/2013 8:21:07,1717,1719,1717,20879,1718.75
09/20/2013 8:28:22,1718.75,1719.25,1718,20739,1719
09/20/2013 8:30:07,1719,1719.5,1718.25,20648,1718.25
09/20/2013 8:32:24,1718.25,1718.5,1717,20844,1717.25
09/20/2013 8:35:00,1717.25,1717.75,1716.5,20760,1716.5
09/20/2013 8:37:51,1716.5,1717.75,1716.25,20749,1717.5
09/20/2013 8:41:29,1717.5,1718,1716.25,20726,1717
09/20/2013 8:46:32,1717,1717.25,1715.75,20763,1716
09/20/2013 8:50:26,1716,1716.25,1715.25,20822,1715.5
09/20/2013 8:54:18,1715.5,1716.5,1715.25,20766,1716
09/20/2013 8:57:23,1716,1716,1714,20789,1714
09/20/2013 8:58:32,1714,1714.25,1713,20796,1714
09/20/2013 9:02:30,1714,1715,1713.75,20783,1715
09/20/2013 9:06:20,1715,1715.25,1713,20808,1713.25
09/20/2013 9:11:34,1713.25,1714.25,1712.75,20801,1712.75
09/20/2013 9:13:15,1712.75,1712.75,1711.75,20815,1712.75
09/20/2013 9:19:22,1712.75,1713.75,1712.5,20759,1713.25
09/20/2013 9:25:26,1713.25,1714.75,1713,20839,1714.5
09/20/2013 9:33:16,1714.5,1714.75,1713.5,20800,1714.25
09/20/2013 9:41:13,1714.25,1715.25,1714,20788,1715
09/20/2013 9:47:27,1715,1715.75,1714,20763,1714
09/20/2013 9:51:57,1714,1715.25,1713.75,20805,1715
09/20/2013 9:57:34,1715,1715.25,1713.25,20797,1713.5
09/20/2013 10:06:02,1713.5,1715.25,1713.25,20768,1714.25
09/20/2013 10:14:08,1714.25,1714.5,1712.25,20828,1712.25
09/20/2013 10:21:22,1712.25,1713,1712,20807,1712.25
09/20/2013 10:24:54,1712.25,1712.5,1711,20824,1711.25
09/20/2013 10:30:29,1711.25,1712.5,1711,20823,1712.25
09/20/2013 10:36:45,1712.5,1713,1711,20828,1711.75
09/20/2013 10:41:56,1711.75,1712,1710.5,20819,1710.5
09/20/2013 10:47:53,1710.5,1711,1709.75,20851,1710.75
09/20/2013 10:56:49,1710.75,1711,1709.25,20842,1709.5
09/20/2013 10:59:49,1709.5,1709.75,1707.75,20852,1708.25
09/20/2013 11:04:49,1708.25,1709.25,1708,20854,1709
09/20/2013 11:17:32,1709,1710,1708.25,20861,1708.75
09/20/2013 11:24:23,1708.75,1709,1706.75,20876,1707
09/20/2013 11:28:48,1707,1708.25,1706.75,20874,1707
09/20/2013 11:38:30,1707,1708.5,1706.75,20880,1708
09/20/2013 11:47:38,1708,1709.75,1707.75,20856,1709.25
09/20/2013 12:01:58,1709.25,1710,1709,20841,1709.25
09/20/2013 12:13:29,1709.25,1709.5,1707.5,20873,1708
09/20/2013 12:21:05,1708,1708,1706.25,20849,1707.5
09/20/2013 12:30:56,1707.5,1708,1706,20912,1708
09/20/2013 12:41:48,1708,1708.25,1705.5,20879,1705.75
09/20/2013 12:48:06,1705.75,1706.5,1705.25,20883,1706.25
09/20/2013 13:00:52,1706.25,1707.25,1704.75,20909,1704.75
09/20/2013 13:04:23,1704.75,1705.5,1704.25,20907,1705.5
09/20/2013 13:17:31,1705.5,1705.75,1704.5,20897,1705
09/20/2013 13:27:59,1705,1707.25,1704.75,20890,1707
09/20/2013 13:39:28,1707,1707.25,1705,20884,1705
09/20/2013 13:44:41,1705,1706,1704,20922,1704.5
09/20/2013 13:56:20,1704.5,1706.25,1704.25,20896,1706
09/20/2013 14:06:46,1706,1707,1705.75,20876,1706.25
09/20/2013 14:13:47,1706.25,1706.75,1704.75,20911,1705.5
09/20/2013 14:21:51,1705.5,1706,1704.5,20875,1705
09/20/2013 14:24:41,1705,1705,1703.25,20944,1703.75
09/20/2013 14:29:12,1703.75,1704.25,1702.5,20839,1703.25
09/20/2013 14:34:14,1703.25,1703.25,1702,21022,1702.5
09/20/2013 14:36:40,1702.5,1703.25,1701.25,20933,1703
09/20/2013 14:41:02,1703,1704.25,1702.75,20904,1704
09/20/2013 14:47:09,1704,1704.75,1702.75,20939,1703
09/20/2013 14:51:35,1702.75,1703.75,1702,20920,1703.5
09/20/2013 14:55:40,1703.5,1704.25,1703,20937,1703.75
09/20/2013 14:58:29,1703.75,1704.25,1703.25,20914,1703.25
09/20/2013 14:59:36,1703.25,1703.5,1702.25,20927,1702.75
09/20/2013 14:59:58,1702.75,1703.25,1702.25,20943,1702.25
09/20/2013 15:00:01,1702.25,1703,1702,20922,1702
09/20/2013 15:00:16,1702,1703.25,1701.5,20941,1702.75
09/20/2013 15:01:41,1702.75,1703.25,1701.5,20909,1701.75
09/20/2013 15:04:10,1701.75,1702.25,1701.25,20937,1701.75
09/20/2013 15:07:58,1701.75,1703,1701.75,20912,1702.5
09/20/2013 15:14:25,1702.5,1703.25,1702.25,21001,1702.5
09/20/2013 16:14:59,1702.5,1704.75,1702,20526,1703.75
